Iter, Rerror, Perror
1 1.07178267889835374e-17 4.65137907203338819e-17
