Iter, Rerror, Perror
1 7.12110834866851823e-05 1.99120380231523707e-04
2 2.81318285669804544e-07 1.24740324006230458e-06
3 8.93532778867393869e-18 3.80665019441200569e-17
