Iter, Rerror, Perror
1 4.36152658631373813e-05 1.65980057501388830e-04
2 8.41324586857391343e-18 3.77154740125644215e-17
