Iter, Rerror, Perror
1 7.41046126206061104e-06 7.56521075550966412e-06
2 1.34740336271536098e-09 3.85891293470339103e-09
3 2.74359001547118534e-13 7.90088714496969179e-13
