Iter, Rerror, Perror
1 8.33062978113513971e-06 8.07963665103679064e-06
2 1.58269909516997106e-09 4.33353194621315705e-09
3 3.61316870763367182e-13 9.63366233837341196e-13
