Iter, Rerror, Perror
1 1.02865757480760369e-05 8.86457399002853368e-06
2 2.09954917073874226e-09 5.39138221985593245e-09
3 5.84018872319025367e-13 1.34751695117816485e-12
