Iter, Rerror, Perror
1 5.66692144803778846e-06 7.02446696420897431e-06
2 9.20071007628878357e-10 2.92019516931358371e-09
3 1.41711193656877524e-13 4.94145754916446158e-13
