Iter, Rerror, Perror
1 1.13473907093483025e-05 9.31391845480445442e-06
2 2.38388884353715120e-09 5.95333836834441002e-09
3 7.22872520581008582e-13 1.55529877372898645e-12
