Iter, Rerror, Perror
1 6.52018078532837342e-06 7.55012587393746904e-06
2 1.12452863899689501e-09 3.33927845979032402e-09
3 2.01689685623244162e-13 6.42261833219186225e-13
