Iter, Rerror, Perror
1 4.84367186604549679e-06 7.15077996172260703e-06
2 7.28361356832702082e-10 2.40538287618155999e-09
3 9.44573777279783067e-14 3.69285146911484057e-13
