Iter, Rerror, Perror
1 3.24109126380022754e-06 6.81826114440138783e-06
2 3.85351828034146805e-10 1.50923466554359804e-09
3 3.09803891830076492e-14 1.52432028840968640e-13
