Iter, Rerror, Perror
1 1.36471518312198210e-05 1.06052053932873044e-05
2 3.00377018101260414e-09 7.15053073678333542e-09
3 1.06118382648467966e-12 2.02421885942453378e-12
