Iter, Rerror, Perror
1 4.03434370445443720e-06 6.68466443127459619e-06
2 5.49967274354372580e-10 2.01390216140022317e-09
3 5.70240164812298932e-14 2.47361446499789930e-13
