Iter, Rerror, Perror
1 1.82494369891458404e-06 6.69314021549240418e-06
2 8.13470676355789172e-18 3.69463549213189684e-17
