Iter, Rerror, Perror
1 1.01223276570840433e-17 4.38491812342636543e-17
