Iter, Rerror, Perror
1 1.24667012085687781e-05 9.94031458586114982e-06
2 2.68523140587748870e-09 6.53977347691309704e-09
3 8.81726966811296032e-13 1.78678247538602314e-12
