Iter, Rerror, Perror
1 2.47836865020672289e-06 6.42196349452783580e-06
2 2.39975303062256835e-10 1.13851654486436526e-09
3 8.80029945021920869e-18 3.84375449450293435e-17
