Iter, Rerror, Perror
1 1.49201352828946815e-05 1.13721971921358625e-05
2 3.34610190697281993e-09 7.79514352169416887e-09
3 1.26536118830937487e-12 2.28612271610939645e-12
