Iter, Rerror, Perror
1 9.27944837014153027e-06 8.31512547162738204e-06
2 1.83204910108669139e-09 4.86671038864412061e-09
3 4.63486710850248447e-13 1.14522315252104400e-12
