Iter, Rerror, Perror
1 1.55134398165273890e-06 1.04041131290190541e-06
2 3.91168150252841025e-10 4.21874364489336138e-10
3 4.43036052823876997e-12 4.88834639278830561e-12
