Iter, Rerror, Perror
1 2.22451775052510861e-06 1.10153900367887688e-06
2 6.77176730493201316e-10 5.43500182836176511e-10
3 7.72024654907438366e-12 5.16968473133999905e-12
