Iter, Rerror, Perror
1 1.71690131532656617e-06 1.05674788919028675e-06
2 4.56644476871164505e-10 4.50764975485585766e-10
3 5.21659078363551976e-12 4.93230031297628607e-12
