Iter, Rerror, Perror
1 1.22771371093344099e-06 1.01137243838822012e-06
2 2.72500659284447187e-10 3.61398541782237685e-10
3 2.87799188181117097e-12 5.06516620520065308e-12
