Iter, Rerror, Perror
1 2.00301509857010104e-07 7.27834203855576465e-07
2 1.43705883543630849e-17 6.18381382703817030e-17
