Iter, Rerror, Perror
1 1.38892411087365515e-06 1.02972226424174822e-06
2 3.29868870198999287e-10 3.88189536531552229e-10
3 3.65512610800878467e-12 4.99292369392058581e-12
