Iter, Rerror, Perror
1 9.11707806899522452e-07 9.75510098353855865e-07
2 1.70001233133139904e-10 2.95756343480780052e-10
3 1.44324384313598441e-12 4.09044660821622656e-12
