Iter, Rerror, Perror
1 1.51311782364916185e-17 6.51057137198024485e-17
