Iter, Rerror, Perror
1 6.09765056078473314e-07 9.15024051821636916e-07
2 8.60421199699141778e-11 2.12092392915369232e-10
3 1.03344006699318159e-15 2.64471330717217636e-15
