Iter, Rerror, Perror
1 1.88501578669652264e-06 1.07012164777969763e-06
2 5.26323236806113542e-10 4.82362167759586921e-10
3 6.02269159863314318e-12 4.99897349636002974e-12
