Iter, Rerror, Perror
1 7.59866595216029371e-07 9.58155425573120888e-07
2 1.26111098709434934e-10 2.55073302510577735e-10
3 7.69202597433414848e-13 4.08364604321617710e-12
