Iter, Rerror, Perror
1 1.06749801423131765e-06 1.00008742683841405e-06
2 2.18930066312514768e-10 3.25597233944510539e-10
3 2.12269251212323655e-12 4.11492606341804433e-12
