Iter, Rerror, Perror
1 4.65892604006904134e-07 8.83952858649828340e-07
2 5.30790935689995125e-11 1.71750351608595710e-10
3 5.81397261076742421e-16 1.27383165691146434e-15
