Iter, Rerror, Perror
1 2.05426099339767713e-06 1.08599099836500642e-06
2 5.99832743451640432e-10 5.11471262791957308e-10
3 6.86550759923573290e-12 5.25958576855168505e-12
