Iter, Rerror, Perror
1 3.25863450539101798e-07 7.89637647207438696e-07
2 2.05371590302018916e-11 9.49115685988168272e-11
3 1.46402250053732046e-17 6.28876162130482959e-17
