Iter, Rerror, Perror
1 2.39817727559394926e-06 1.11933891903451793e-06
2 7.59045628449823572e-10 5.74986111327985676e-10
3 8.57429847384457717e-12 5.62122728057997938e-12
