Iter, Rerror, Perror
1 3.48959160820642045e-04 1.32926435707047836e-03
2 3.96477494266692608e-17 1.84094994333122715e-16
