Iter, Rerror, Perror
1 6.42918667471545292e-04 1.73283261737731758e-03
2 5.60333043640157247e-06 2.00110885333708729e-05
3 4.08527242140165235e-17 1.90594690053368413e-16
