Iter, Rerror, Perror
1 4.25488592900237844e-17 1.97825820556560785e-16
