Iter, Rerror, Perror
1 2.10517498795330821e-04 1.67815863907830711e-03
2 3.30651662453231889e-06 2.44488318487018057e-05
3 3.98184617741456728e-17 3.43229302070893130e-16
