Iter, Rerror, Perror
1 4.39917363604042910e-17 3.80813804949711078e-16
