Iter, Rerror, Perror
1 1.28252481019761408e-04 1.09941324846049376e-03
2 4.37947096346401948e-17 3.41431808078628910e-16
