Iter, Rerror, Perror
1 2.16115695064851331e-05 7.85547395103964620e-05
2 1.19722032310234445e-17 5.05856515422037674e-17
