Iter, Rerror, Perror
1 1.27832397229361577e-17 5.48654674498006154e-17
