Iter, Rerror, Perror
1 3.51661072150380444e-05 8.51337129497913529e-05
2 3.44612938709591505e-08 1.60750163120722142e-07
3 1.21156599041022616e-17 5.13516925278377387e-17
