Iter, Rerror, Perror
1 4.19313490151568102e-17 1.95152499778562671e-16
