Iter, Rerror, Perror
1 6.42586951470806985e-04 1.73204768931895067e-03
2 5.59137274256592724e-06 1.99724248062816579e-05
3 4.10295769759722118e-17 1.90390708949501808e-16
