Iter, Rerror, Perror
1 3.48604778262458790e-04 1.32756766304663082e-03
2 4.03206473332908093e-17 1.91161007306650981e-16
