Iter, Rerror, Perror
1 5.61794036901691143e-05 1.79075122734199623e-04
2 1.27431036837154560e-17 5.25047399396869674e-17
