Iter, Rerror, Perror
1 6.52508650493560812e-05 1.26945379865784822e-04
2 2.80514713505018102e-07 1.56760907895721281e-06
3 1.28385266267616213e-17 5.43624099711607316e-17
