Iter, Rerror, Perror
1 1.42799264569238381e-17 5.89435011056605799e-17
