Iter, Rerror, Perror
1 7.40494146604490661e-06 7.55909279621222992e-06
2 1.35170653699691104e-09 3.85940728010132497e-09
3 8.50044955821231065e-13 1.74989141342504211e-12
