Iter, Rerror, Perror
1 4.03182413493898067e-06 6.68027072528485360e-06
2 5.50710803010119038e-10 2.01470392745144952e-09
3 1.24795600184339217e-13 4.53058871449188782e-13
