Iter, Rerror, Perror
1 1.49064477723407319e-05 1.13632874317607448e-05
2 3.36787242481651751e-09 7.79565595813603879e-09
3 3.72646651936737379e-12 4.66159136696803921e-12
