Iter, Rerror, Perror
1 1.06385858764633288e-17 4.55920501645202629e-17
