Iter, Rerror, Perror
1 3.23958313263788832e-06 6.81373868993902976e-06
2 3.85699384548038824e-10 1.50988644451147192e-09
3 5.87893015134409378e-14 2.83951548401532993e-13
