Iter, Rerror, Perror
1 6.51558920852131040e-06 7.54106463239133189e-06
2 1.12760349459446816e-09 3.34034500572605357e-09
3 6.05054274431344404e-13 1.44154950726963053e-12
