Iter, Rerror, Perror
1 1.13375657457870302e-05 9.30595812473337940e-06
2 2.39601020963990076e-09 5.95371666768589549e-09
3 2.18618466345658444e-12 3.17941558820968065e-12
