Iter, Rerror, Perror
1 4.84069314690809598e-06 7.14285954596247585e-06
2 7.29652660048505063e-10 2.40626861904654516e-09
3 2.43330439311353112e-13 7.91362718199801630e-13
