Iter, Rerror, Perror
1 8.32414106788125525e-06 8.07070538237425464e-06
2 1.58857502451771521e-09 4.33453302404854797e-09
3 1.12098297816149524e-12 1.99729731451195452e-12
