Iter, Rerror, Perror
1 9.27192158347723547e-06 8.30802114054529857e-06
2 1.83964718598253601e-09 4.86703704299159818e-09
3 1.43438189195392460e-12 2.38747303355532940e-12
