Iter, Rerror, Perror
1 1.02779251328078615e-05 8.85586829310472489e-06
2 2.10926556801359898e-09 5.39174653097541155e-09
3 1.78400691905476055e-12 2.75260599471866549e-12
