Iter, Rerror, Perror
1 1.24556304796130587e-05 9.93176963155584672e-06
2 2.70023210403038060e-09 6.54008512735406958e-09
3 2.64310428284656013e-12 3.68081588066868217e-12
