Iter, Rerror, Perror
1 5.66308681708449659e-06 7.01932432139200970e-06
2 9.22141913862434579e-10 2.92102057855176020e-09
3 4.03848765438567187e-13 1.14372749221249983e-12
