Iter, Rerror, Perror
1 1.36348174122436833e-05 1.05965760314267541e-05
2 3.02198752386555515e-09 7.15089225104885778e-09
3 3.15522253120377927e-12 4.10221803539802859e-12
