Iter, Rerror, Perror
1 1.82527993703428078e-06 6.69415071832920820e-06
2 8.47668402194375058e-18 3.82982025542964314e-17
