Iter, Rerror, Perror
1 2.47690860058112031e-06 6.41906704567596774e-06
2 2.40108604937396594e-10 1.13926981633711227e-09
3 9.05844575180701522e-18 3.99625992863529579e-17
