Iter, Rerror, Perror
1 2.58803358802456817e-04 1.85382000815376515e-03
2 6.75391432590411028e-06 4.15799722513671458e-05
3 1.18686264736306312e-07 7.76926473127666738e-07
