Iter, Rerror, Perror
1 3.63815112215904075e-04 2.63661533941006963e-03
2 1.24804677902197013e-05 8.06868510393900484e-05
3 2.73537241690322002e-07 1.97736372838610604e-06
