Iter, Rerror, Perror
1 4.80909317007891576e-04 3.22843759451092336e-03
2 1.95621913211245111e-05 1.09360286200409248e-04
3 6.24336791827716305e-07 3.98948435070186830e-06
