Iter, Rerror, Perror
1 1.27786864962661946e-04 1.09696939509545347e-03
2 4.64551428246724321e-17 3.62773896141224625e-16
