Iter, Rerror, Perror
1 4.96534121833218942e-04 3.13350700667708402e-03
2 2.42432484983585226e-05 1.24460361710352382e-04
3 1.10760756847291514e-06 5.84316327315789148e-06
