Iter, Rerror, Perror
1 4.65793476686333942e-17 4.03019681874561834e-16
