Iter, Rerror, Perror
1 2.09850364207672381e-04 1.67109702128664787e-03
2 3.32586766529857373e-06 2.43844697512933268e-05
3 4.18177745637512860e-17 3.61927604923306384e-16
