Iter, Rerror, Perror
1 4.58652412391262799e-17 3.94678773355097128e-16
