Iter, Rerror, Perror
1 5.69029708099318306e-04 5.30429231487040704e-03
2 4.35405928268164809e-17 3.37628939424530623e-16
