Iter, Rerror, Perror
1 9.44378952451214526e-04 8.44339247753114232e-03
2 3.56810666830242887e-05 2.81589442629141405e-04
3 3.99895915729803717e-17 3.46186064919110281e-16
