Iter, Rerror, Perror
1 1.31706790610978597e-18 2.46156293738339969e-17
