Iter, Rerror, Perror
1 4.32128967346008346e-06 2.08451018237096282e-04
2 1.50228067382917683e-09 1.02310632103313771e-07
3 1.30735825424498960e-18 2.41492092850752178e-17
