Iter, Rerror, Perror
1 1.67462459430427063e-06 1.08240193743501230e-04
2 1.28344193085184341e-18 2.32177687396954544e-17
