Iter, Rerror, Perror
1 4.63264229950687955e-03 1.52569513057725675e-01
2 3.90463688840259700e-04 1.31835837940814018e-02
3 4.70685546024279532e-17 3.47357129859175768e-16
