Iter, Rerror, Perror
1 4.87630204706176169e-17 4.27676391212226617e-16
