Iter, Rerror, Perror
1 2.93666067629835045e-03 9.19105422394517202e-02
2 5.10789947312417996e-17 3.71044789670626103e-16
