Iter, Rerror, Perror
1 4.11017215289845448e-17 3.02778912205322153e-16
