Iter, Rerror, Perror
1 2.51489364569035985e-02 2.03282445097114406e-01
2 5.95042674561008927e-03 1.63473152903022834e-01
3 4.08055551823213074e-17 3.31288090854081710e-16
