Iter, Rerror, Perror
1 1.70435871032261453e-02 2.29932133883006373e-01
2 4.43633770688879685e-17 3.16719727590624436e-16
