Iter, Rerror, Perror
1 1.99859729281325649e-07 1.19585220734030054e-04
2 9.32361023201227725e-12 7.94063563726864342e-09
3 2.09462692081269796e-15 2.93520555816411717e-13
