Iter, Rerror, Perror
1 3.14087203813690389e-07 1.52635955552469702e-04
2 1.93428608474905957e-11 1.34993040173828266e-08
3 2.61214885772210326e-15 6.98555743173786481e-13
