Iter, Rerror, Perror
1 1.10934123135349580e-07 8.59064764533239926e-05
2 3.50220460101057236e-12 3.80596638608589021e-09
3 1.56888261525664375e-15 8.44631279270108963e-14
