Iter, Rerror, Perror
1 9.42244153518310170e-09 1.72924652495860152e-05
2 1.18425213289169771e-19 9.70304739737460176e-18
