Iter, Rerror, Perror
1 4.74271637612756532e-08 5.17537641346522455e-05
2 7.68358484178742719e-13 1.14708143863187091e-09
3 8.00998827619736280e-16 8.64616377889321491e-15
