Iter, Rerror, Perror
1 1.52226121311173850e-07 1.02815026370397142e-04
2 5.95724674874815022e-12 5.69171360926610813e-09
3 1.84384411882504655e-15 1.68336617812159756e-13
