Iter, Rerror, Perror
1 2.53819318656231517e-07 1.36198187401141859e-04
2 1.37396813340984151e-11 1.05457764680593840e-08
3 2.34210754339528195e-15 4.67766225351738943e-13
