Iter, Rerror, Perror
1 2.52331201462051231e-08 3.45510038627251981e-05
2 2.08975299693517564e-13 3.82968877857549839e-10
3 1.49797156979808264e-19 9.77886278141371593e-18
