Iter, Rerror, Perror
1 8.06919228490876061e-07 2.46707288797458747e-04
2 8.54306643866987337e-11 3.80042514094190045e-08
3 7.23087823258829759e-15 3.65266829305108898e-12
