Iter, Rerror, Perror
1 4.53466836898209468e-07 1.84918966705637232e-04
2 3.46544860199455826e-11 2.04161893611809397e-08
3 3.37308969474363737e-15 1.35834517663208148e-12
