Iter, Rerror, Perror
1 6.17816015782590052e-07 2.16311114370469051e-04
2 5.63333309889338400e-11 2.86136058599284023e-08
3 4.76831950917592615e-15 2.32683230739214095e-12
