Iter, Rerror, Perror
1 5.32532931643822553e-07 2.00733402034984274e-04
2 4.46317043910703981e-11 2.43600905903248921e-08
3 3.96372699832323509e-15 1.80083897594937518e-12
