Iter, Rerror, Perror
1 9.50686374088198327e-20 9.54924936556275412e-18
