Iter, Rerror, Perror
1 7.09288122169158340e-07 2.31639539702322393e-04
2 6.98900078729242445e-11 3.31655420315648418e-08
3 5.84103905798019750e-15 2.94247032711266923e-12
