Iter, Rerror, Perror
1 7.59973033452200066e-08 6.88792561017559883e-05
2 1.81923682033136921e-12 2.28941297043204352e-09
3 1.24043835149304666e-15 3.39409113388060954e-14
