Iter, Rerror, Perror
1 3.80643642690823583e-07 1.68881532245011178e-04
2 2.62694413353536969e-11 1.67925717590243438e-08
3 2.94078361228543434e-15 9.93116869634252564e-13
