Iter, Rerror, Perror
1 1.45436816326311678e-04 1.53329645197201516e-02
2 2.73468442764574406e-18 5.13158964049959458e-17
