Iter, Rerror, Perror
1 3.76102365383657587e-04 2.59425055860718588e-02
2 3.07526427323723901e-06 2.87871755936437289e-04
3 2.59204933871980022e-18 4.62975698742224042e-17
