Iter, Rerror, Perror
1 2.72543613713472995e-18 5.47998412831228909e-17
