Iter, Rerror, Perror
1 2.35847155301712510e-04 9.28385473333353194e-04
2 2.15374091232880242e-17 9.53647837229716034e-17
