Iter, Rerror, Perror
1 2.31001053266006682e-17 9.96500759425233930e-17
