Iter, Rerror, Perror
1 4.70506991324501475e-04 1.38539015180979609e-03
2 2.05697032172493206e-06 8.39263450191340774e-06
3 2.09837150162886163e-17 9.15048514643978465e-17
