Iter, Rerror, Perror
1 1.20403002840959641e-05 2.27465650150768418e-05
2 1.09643977990438413e-08 3.07438145590714649e-08
3 7.20211091743084303e-12 2.50957970242864489e-11
