Iter, Rerror, Perror
1 1.70634895290253676e-05 3.45012532865170794e-05
2 1.85339048667754670e-08 4.20934484613402359e-08
3 1.31836732574988422e-11 4.01040771112076644e-11
