Iter, Rerror, Perror
1 1.45211691059677055e-05 2.59465400887226617e-05
2 1.45702348091228008e-08 3.62409941117933057e-08
3 9.93234905778094596e-12 3.21330381254481751e-11
