Iter, Rerror, Perror
1 3.23225145259027039e-04 1.80286047243535721e-03
2 1.96060338293011254e-07 1.16795870007188915e-06
3 1.48544184404752499e-10 8.20149918498727946e-10
