Iter, Rerror, Perror
1 5.42364795339149337e-06 2.09780244338270876e-05
2 7.20112509378580052e-18 2.43379607518038304e-17
