Iter, Rerror, Perror
1 9.68080967800853754e-06 2.24352754903558673e-05
2 7.70387983054058894e-09 2.51187646100890781e-08
3 5.03954358958482452e-12 2.13612860160757449e-11
