Iter, Rerror, Perror
1 3.45890216249023120e-05 1.39816292642666194e-04
2 3.98186478616417020e-08 9.13451220887297263e-08
3 3.33277406901788659e-11 9.16595172422195077e-11
