Iter, Rerror, Perror
1 2.81613341235053461e-05 9.13992789150310013e-05
2 3.32392550781472358e-08 7.26554884361718815e-08
3 2.68124231881261022e-11 7.41631211590164813e-11
