Iter, Rerror, Perror
1 2.01155955575247979e-05 4.16904180964984918e-05
2 2.29450454334478745e-08 4.86553753560741272e-08
3 1.69597242412496404e-11 4.94945207625147086e-11
