Iter, Rerror, Perror
1 1.78238526171166665e-04 9.87082924836271171e-04
2 1.19552738647673646e-07 6.07616243833682187e-07
3 9.50647575962863330e-11 4.07055869151557118e-10
