Iter, Rerror, Perror
1 7.43599389814470555e-06 2.14280213710939192e-05
2 4.93396157571070229e-09 2.02229690104975591e-08
3 7.00053321170038568e-18 2.40680038612015320e-17
