Iter, Rerror, Perror
1 6.60403695845379797e-05 3.42969749981018033e-04
2 6.00069416884341412e-08 2.10860713354134750e-07
3 5.23116643680371040e-11 1.58709517018911533e-10
