Iter, Rerror, Perror
1 1.03261756484613069e-04 5.76167662510395653e-04
2 8.04131516653779027e-08 3.46229991670385144e-07
3 6.82716989248133332e-11 2.38464323261132871e-10
