Iter, Rerror, Perror
1 7.21478466490021126e-18 2.56153426451402265e-17
