Iter, Rerror, Perror
1 2.39165252021365614e-05 5.59821773181287948e-05
2 2.78293257409727805e-08 5.83541174314247126e-08
3 2.14829458184515438e-11 6.08186767392964089e-11
