Iter, Rerror, Perror
1 4.63166344139008432e-05 2.10111652684177776e-04
2 4.83470274157028078e-08 1.30813734346755632e-07
3 4.14927687165203825e-11 1.17610498356531967e-10
