Iter, Rerror, Perror
1 1.56236880094784220e-05 1.10319719862713803e-05
2 8.70311945365124580e-09 1.11915079525485068e-08
3 3.35408685271924125e-12 4.16842171800555977e-12
