Iter, Rerror, Perror
1 2.23686785776980368e-05 1.17753659214799419e-05
2 1.40990880907632027e-08 1.10102596684829222e-08
3 6.15149422755207685e-12 5.77546951780837498e-12
