Iter, Rerror, Perror
1 6.68135580613491634e-06 9.34892003172199130e-06
2 2.47238987978278719e-09 8.66180231538005856e-09
3 5.39238072755886596e-13 1.25270721329080913e-12
