Iter, Rerror, Perror
1 3.47230444607359193e-06 1.10645340806203573e-05
2 1.34969397389289655e-17 5.79580508714929906e-17
