Iter, Rerror, Perror
1 1.09304513245736139e-05 1.26688384591736608e-05
2 5.28572068483655394e-09 7.42901218313554636e-09
3 1.76003949593713678e-12 5.03165160529280197e-12
