Iter, Rerror, Perror
1 1.89452571308195584e-05 1.14537778993811224e-05
2 1.13066630055565130e-08 1.11320179397874213e-08
3 4.66742579004784314e-12 4.99781588950998371e-12
