Iter, Rerror, Perror
1 2.41336031687805037e-05 1.20122746467866445e-05
2 1.55545671312666946e-08 1.04628466549144859e-08
3 6.98641904161038757e-12 7.36058372724805179e-12
