Iter, Rerror, Perror
1 2.06555976762348362e-05 1.20859713869387075e-05
2 1.26677637373578145e-08 9.98472727231343160e-09
3 5.42805766568849819e-12 7.27301947341716581e-12
