Iter, Rerror, Perror
1 1.46570438189809678e-17 6.15972448516151361e-17
