Iter, Rerror, Perror
1 1.24619797043583241e-05 1.05255664720058250e-05
2 6.34513135111556349e-09 1.10072431934709513e-08
3 2.23477776973411473e-12 3.33289539038551721e-12
