Iter, Rerror, Perror
1 8.02353831333526399e-06 1.22863710724147479e-05
2 3.39160405368574538e-09 6.13692735159906979e-09
3 9.44917143331651127e-13 3.48168661429519150e-12
