Iter, Rerror, Perror
1 4.04619851212916999e-06 7.88284833371015246e-06
2 1.07811988014770828e-09 6.03605167136443592e-09
3 1.35261070522231563e-17 5.67379365131714432e-17
