Iter, Rerror, Perror
1 5.30658537870814606e-06 1.11740640274582384e-05
2 1.72248154068705753e-09 4.09504095446692280e-09
3 4.02148623360935479e-13 1.79751599776923435e-12
