Iter, Rerror, Perror
1 9.46047234318622574e-06 9.98638665472504483e-06
2 4.25168482389870893e-09 1.02621013177012817e-08
3 1.30285205071158436e-12 2.41492684970544968e-12
