Iter, Rerror, Perror
1 1.72778347452482053e-05 1.22755299044673416e-05
2 9.96025900887388213e-09 9.30790141274041583e-09
3 4.02524158163810990e-12 6.94231184903854954e-12
