Iter, Rerror, Perror
1 1.40422858847511160e-05 1.25446611714075933e-05
2 7.49155805979916279e-09 8.45610194032841236e-09
3 2.79908644036007583e-12 6.22033014229551103e-12
