Iter, Rerror, Perror
1 1.52175183653385792e-04 4.01969940280380057e-03
2 2.44630868057450075e-07 8.33448057312323412e-06
3 3.60938175090453176e-18 4.00834687506647944e-17
