Iter, Rerror, Perror
1 6.54147039519167314e-05 2.69708548565691193e-03
2 3.84342780682212385e-18 4.75828419039056764e-17
