Iter, Rerror, Perror
1 3.96361585336048995e-18 5.64672729801775810e-17
