Iter, Rerror, Perror
1 9.94346427605133712e-04 3.19399680723554593e-03
2 3.72504909525312104e-05 1.66181914631668363e-04
3 7.72608096831146753e-18 3.13037007071111056e-17
