Iter, Rerror, Perror
1 4.90828060011098640e-04 2.12893053960971348e-03
2 7.67389560571338593e-18 3.09728566237444101e-17
