Iter, Rerror, Perror
1 8.19619829664530762e-18 3.30304665227279934e-17
