Iter, Rerror, Perror
1 2.86574232020429424e-05 1.89140955801022042e-03
2 2.87747463612076081e-08 2.63034144273563268e-06
3 2.57221859263153140e-18 4.65536723358880375e-17
