Iter, Rerror, Perror
1 2.71762141464864700e-18 5.70201273407700058e-17
