Iter, Rerror, Perror
1 1.17664269797894045e-05 1.17314050331926065e-03
2 2.75680246578468066e-18 5.22857403328949305e-17
