Iter, Rerror, Perror
1 2.35779651920579186e-04 9.27576636341408437e-04
2 2.07769953885534025e-17 9.06355808014110897e-17
