Iter, Rerror, Perror
1 2.15475654657769598e-17 9.25935673636397624e-17
