Iter, Rerror, Perror
1 4.70385545369717624e-04 1.38456973927707249e-03
2 2.05650360631663476e-06 8.39665052525989470e-06
3 2.13107246750082708e-17 9.10491513258802104e-17
