Iter, Rerror, Perror
1 2.24121825963976560e-05 1.49179999234844932e-03
2 1.03281124423684368e-08 9.10093551901945758e-07
3 1.94272755891366942e-18 3.41093471885871504e-17
