Iter, Rerror, Perror
1 8.67272892900908464e-06 8.66806386457025040e-04
2 1.96482827627756170e-18 3.75009589207405481e-17
