Iter, Rerror, Perror
1 1.95547404643066085e-18 3.99557578121237745e-17
