Iter, Rerror, Perror
1 1.48569037483797426e-03 4.28982034207484909e-03
2 3.89499379488751735e-05 1.68528136077370167e-04
3 8.83833765300693230e-18 3.68337994994334452e-17
