Iter, Rerror, Perror
1 7.96804088188453200e-04 3.09266151104256419e-03
2 8.57961546528059791e-18 3.64964653262179676e-17
