Iter, Rerror, Perror
1 1.00199726552884411e-17 4.02445138395392712e-17
