Iter, Rerror, Perror
1 4.26092609888311605e-04 1.03476739978235980e-03
2 3.80675909127355529e-06 1.78665744185891592e-05
3 1.30560171699929352e-17 5.39198603208169946e-17
