Iter, Rerror, Perror
1 2.67143166577897865e-04 9.53587467352396789e-04
2 1.24868275398542592e-17 5.43456044391714872e-17
