Iter, Rerror, Perror
1 1.32561543097481231e-17 5.53235419549311541e-17
