Iter, Rerror, Perror
1 4.69641214418194797e-17 4.07093455392330893e-16
