Iter, Rerror, Perror
1 5.50551854928754865e-03 1.62391183289397223e-01
2 4.97446342110500268e-17 3.61880427988144512e-16
