Iter, Rerror, Perror
1 7.44628131033874072e-03 2.32725993510693119e-01
2 1.22221646743542558e-03 4.52850091822013107e-02
3 4.54769320172895832e-17 3.42069727658671734e-16
