Iter, Rerror, Perror
1 2.33944131972114221e-18 4.75590395689783605e-17
