Iter, Rerror, Perror
1 3.57376848973185279e-04 8.58878378712954992e-03
2 1.60757284275923335e-06 5.03800056121447978e-05
