Iter, Rerror, Perror
1 1.73069283212756936e-04 4.98208610261896036e-03
2 5.68752671551379070e-07 2.10841546106443727e-05
