Iter, Rerror, Perror
1 1.28525638579635155e-04 4.60501156900223075e-03
2 3.41542396851682029e-07 1.63516773024727296e-05
