Iter, Rerror, Perror
1 2.56985492113907127e-04 5.81615037683395203e-03
2 1.04428246201850641e-06 2.64464256472980787e-05
