Iter, Rerror, Perror
1 4.80841670320699338e-05 3.19575765830725205e-03
2 4.83652410353292916e-08 4.27796410874358501e-06
