Iter, Rerror, Perror
1 5.18915423434226919e-04 1.69640806886215238e-02
2 4.56307857773596330e-06 1.58701289835490295e-04
