Iter, Rerror, Perror
1 1.86394731348653036e-05 1.86497479994243839e-03
2 2.30329761688620439e-18 4.42764051869234221e-17
