Iter, Rerror, Perror
1 8.57714279016521429e-05 4.06029239223665728e-03
2 1.62277390152777483e-07 1.03621273752460319e-05
