Iter, Rerror, Perror
1 2.93543458713007742e-04 6.50074540617300370e-03
2 1.23903186785584378e-06 3.00661073867103399e-05
