Iter, Rerror, Perror
1 4.51641573052003495e-04 1.31708957870261285e-02
2 3.04168371098054018e-06 1.09072090274572555e-04
