Iter, Rerror, Perror
1 3.87644739249006279e-04 9.94841946843061375e-03
2 1.91989846392011375e-06 6.72588220958935697e-05
