Iter, Rerror, Perror
1 2.16549954382689024e-04 5.34095843690213755e-03
2 8.13957140895953566e-07 2.41929423366494620e-05
