Iter, Rerror, Perror
1 4.85546326688614152e-04 1.50080734577216698e-02
2 3.78501147431903081e-06 1.32801074702157184e-04
