Iter, Rerror, Perror
1 4.18848111971715901e-04 1.14808714749504333e-02
2 2.40123351355154201e-06 8.71236123648153217e-05
