Iter, Rerror, Perror
1 3.26577821879311394e-04 7.42915105861579900e-03
2 1.40847504825052466e-06 3.77166974108760343e-05
