Iter, Rerror, Perror
1 6.45158535927559552e-05 4.93621392855571610e-05
2 1.73479731459271050e-07 2.21986796394105573e-07
3 1.92944156762667704e-09 2.87622459024651491e-09
