Iter, Rerror, Perror
1 1.37770183469557706e-05 2.86704585313025490e-05
2 9.96753609112922876e-09 3.59391746198076151e-08
