Iter, Rerror, Perror
1 5.89570702145958409e-05 4.59106555385722226e-05
2 1.50278310600563330e-07 2.00792801605624358e-07
3 1.52668580533791388e-09 2.48750224009345569e-09
