Iter, Rerror, Perror
1 1.04192085577700797e-05 2.70850335318174720e-05
2 5.20997863354544513e-09 2.44192942201795604e-08
