Iter, Rerror, Perror
1 5.38067889228750526e-05 4.28677622333738053e-05
2 1.29367129066854578e-07 1.80825091557945359e-07
3 1.17318232339804996e-09 2.11657904233592125e-09
