Iter, Rerror, Perror
1 2.79489786234570789e-05 3.16321502918066061e-05
2 4.07373029223096385e-08 8.62292199131188923e-08
