Iter, Rerror, Perror
1 3.99342883267736240e-05 3.56354644123413607e-05
2 7.78530731874677431e-08 1.29605747471300260e-07
3 3.73784862838494275e-10 1.12748263176651415e-09
