Iter, Rerror, Perror
1 3.58083092057006691e-05 3.41932308281464760e-05
2 6.40849039465975806e-08 1.13994118920895027e-07
3 1.88992443869472476e-10 7.64961386317966185e-10
