Iter, Rerror, Perror
1 3.18115613573970196e-05 3.22943523433658750e-05
2 5.17444761267687537e-08 1.00551170426551094e-07
3 8.53600721645913018e-18 3.90202427601798449e-17
