Iter, Rerror, Perror
1 2.06846093908939718e-05 2.98593460198013735e-05
2 2.28725894856883979e-08 6.05182900256141765e-08
