Iter, Rerror, Perror
1 1.06700447706408094e-17 4.74520327771678416e-17
