Iter, Rerror, Perror
1 4.43128497290671441e-05 3.78946459186798977e-05
2 9.32531574621160381e-08 1.45134757907717777e-07
3 5.97766206769234221e-10 1.45236274954597295e-09
