Iter, Rerror, Perror
1 4.89314734301559890e-05 4.01034229020957332e-05
2 1.10396286955843551e-07 1.62410918649035639e-07
3 8.65021891944028005e-10 1.79259404239995114e-09
