Iter, Rerror, Perror
1 2.42368026160155260e-05 2.98833492274146953e-05
2 3.11190007850218924e-08 7.39311073094279580e-08
