Iter, Rerror, Perror
1 1.71508489889248503e-05 2.83174877340559356e-05
2 1.57064063864296213e-08 4.87245394834947739e-08
