Iter, Rerror, Perror
1 7.75624575908903844e-06 2.84344229942286593e-05
2 8.68897145966368204e-18 4.08255347902480348e-17
