Iter, Rerror, Perror
1 1.30699115126680260e-04 1.33858580177823971e-03
2 5.27293791605214740e-17 3.82516314002674539e-16
