Iter, Rerror, Perror
1 5.10500593515420627e-17 4.50294128589657821e-16
