Iter, Rerror, Perror
1 2.14362445090970379e-04 2.06846365361974035e-03
2 3.24986529126556049e-06 2.67588339509691438e-05
3 4.88137830115386427e-17 3.57265203458333236e-16
