Iter, Rerror, Perror
1 4.32120769408338487e-06 2.08445891477544861e-04
2 1.50190961586952159e-09 1.02299091368680627e-07
3 1.24352771283981410e-18 2.38717888687396255e-17
