Iter, Rerror, Perror
1 1.67458474322320150e-06 1.08237134356874016e-04
2 1.33716597552610150e-18 2.48021940961177666e-17
