Iter, Rerror, Perror
1 1.36022499194248036e-18 2.50384952792097206e-17
