Iter, Rerror, Perror
1 3.86259850191861549e-05 3.90021501013453759e-03
2 2.62523722005420373e-18 5.14150091392459211e-17
