Iter, Rerror, Perror
1 2.74590122370990333e-18 5.63562701457145025e-17
