Iter, Rerror, Perror
1 9.93190446075368371e-05 6.65261881490518923e-03
2 2.04717758500503208e-07 1.83176843333766762e-05
3 2.68526980095735919e-18 4.73724903648651491e-17
