Iter, Rerror, Perror
1 1.62450450390368594e-05 3.16378767811976893e-05
2 1.73818455605967521e-08 9.72810869179922361e-08
3 1.36135539412683047e-17 5.67708667884534910e-17
