Iter, Rerror, Perror
1 1.47538880567693021e-17 6.12803233974920049e-17
