Iter, Rerror, Perror
1 1.39503060959760689e-05 4.44550071511095186e-05
2 1.32793716626733119e-17 5.65969150709724706e-17
