Iter, Rerror, Perror
1 1.31244378648437605e-03 3.83495794185545946e-03
2 2.67680162658944357e-05 1.16588020033914092e-04
3 1.05181007974497311e-17 4.65092266960787542e-17
