Iter, Rerror, Perror
1 6.69175196899750454e-04 2.65265908879190040e-03
2 1.01502293608268714e-17 4.52486845615982416e-17
