Iter, Rerror, Perror
1 1.29259251819270974e-17 5.42926271479496928e-17
