Iter, Rerror, Perror
1 1.83021958641716182e-17 7.84044881366362111e-17
