Iter, Rerror, Perror
1 1.46991374616867632e-09 1.19997410029701058e-09
2 1.54637177334710944e-14 1.75425673192192694e-14
