Iter, Rerror, Perror
1 1.27896534118747206e-09 1.18487664814409634e-09
2 1.27930178326346212e-14 1.60549835018743025e-14
