Iter, Rerror, Perror
1 1.66180877303075913e-09 1.21710902976704089e-09
2 1.82523501627284782e-14 1.81848177826017910e-14
