Iter, Rerror, Perror
1 5.59288079029275807e-10 1.05518695324536539e-09
2 3.33612312241135540e-15 1.25604053962756726e-14
