Iter, Rerror, Perror
1 2.05148407008610678e-09 1.24742482249821117e-09
2 2.42336702494090280e-14 1.92535987512653555e-14
