Iter, Rerror, Perror
1 3.91354510361778792e-10 9.45716884440825696e-10
2 5.35358999480900108e-16 9.35123428442894745e-16
