Iter, Rerror, Perror
1 2.65286229245335022e-09 1.29724655136847125e-09
2 3.35860438815792722e-14 2.09277657727946774e-14
