Iter, Rerror, Perror
1 2.45140661791628960e-09 1.27924176575054825e-09
2 3.03635116810756165e-14 2.02292926622603331e-14
