Iter, Rerror, Perror
1 2.85820015103917538e-09 1.31714143725085331e-09
2 3.69160130145783203e-14 2.18128916983926334e-14
