Iter, Rerror, Perror
1 9.11599994173353864e-10 1.13850119304756134e-09
2 7.90852819561155364e-15 1.43313201802214233e-14
