Iter, Rerror, Perror
1 1.85488163749426000e-09 1.23119246336957395e-09
2 2.12065597634065061e-14 1.94339524709668774e-14
