Iter, Rerror, Perror
1 2.25089830494389394e-09 1.26290351742810648e-09
2 2.72706062516226047e-14 1.98632312723894160e-14
