Iter, Rerror, Perror
1 2.40195134911435114e-10 8.74663168516281290e-10
2 1.70356467034463201e-17 7.43598009783761844e-17
