Iter, Rerror, Perror
1 1.09302754639451466e-09 1.16074967900917491e-09
2 1.02856017985172091e-14 1.53734464790253273e-14
