Iter, Rerror, Perror
1 7.31926338994510687e-10 1.09303410465158954e-09
2 5.54346773756893080e-15 1.34596872529815563e-14
