Iter, Rerror, Perror
1 3.75611607149097199e-04 2.59181925028303776e-02
2 3.07093218866525796e-06 2.87511847449283605e-04
3 1.97539695969599185e-18 3.38176431016128928e-17
