Iter, Rerror, Perror
1 1.45197286868059701e-04 1.53128605174145810e-02
2 1.97457439031888324e-18 3.72443758117228556e-17
