Iter, Rerror, Perror
1 2.07197795231097107e-18 4.07529561370019621e-17
