Iter, Rerror, Perror
1 5.86225366058703556e-17 5.05495713681460129e-16
