Iter, Rerror, Perror
1 6.91204545426911138e-03 2.32008446942901847e-01
2 1.24503603888869753e-03 4.57115392491044201e-02
3 5.55342622271473320e-17 4.24846337721424539e-16
