Iter, Rerror, Perror
1 5.15694219837485937e-03 1.59398544384028784e-01
2 6.37602945616027382e-17 4.65910918769556694e-16
