Iter, Rerror, Perror
1 6.99762852292201915e-04 2.03562864026689133e-02
2 9.35308743278618508e-06 3.49227557422796149e-04
