Iter, Rerror, Perror
1 2.06852183449877068e-03 6.69745284786744804e-02
2 7.36672473527956467e-05 2.57982882330574665e-03
