Iter, Rerror, Perror
1 8.74937378341636993e-04 2.18270424544205824e-02
2 1.32957349860458195e-05 3.97528683688022774e-04
