Iter, Rerror, Perror
1 1.03838901150690483e-03 2.37617171474710717e-02
2 1.69288855383658628e-05 4.32959467398766893e-04
