Iter, Rerror, Perror
1 3.47770738100047999e-04 1.66507013272232697e-02
2 2.69097293367930064e-06 1.74298085099549725e-04
