Iter, Rerror, Perror
1 1.32204547524060879e-03 3.01520534823522743e-02
2 2.25416797504574665e-05 6.24927531563998278e-04
