Iter, Rerror, Perror
1 1.44779243292120067e-03 3.46732328629230507e-02
2 2.57253365299077566e-05 8.36657633041110941e-04
