Iter, Rerror, Perror
1 1.95101234683869873e-04 1.31616141013588539e-02
2 8.02200222400874735e-07 7.24505423466190163e-05
