Iter, Rerror, Perror
1 1.94639874419474468e-03 5.94952705048163236e-02
2 6.12690084899421603e-05 2.16861031520655624e-03
