Iter, Rerror, Perror
1 1.18702883313320947e-03 2.64981773494546054e-02
2 1.99356767144381053e-05 4.94437993368566464e-04
