Iter, Rerror, Perror
1 1.69304409418903233e-03 4.58852683455440932e-02
2 3.88269178099909690e-05 1.43648666925954432e-03
