Iter, Rerror, Perror
1 2.34779890486219004e-18 4.69913187578336940e-17
