Iter, Rerror, Perror
1 1.56989039740179680e-03 3.99499262400874466e-02
2 3.08795871916564977e-05 1.11404492539575873e-03
