Iter, Rerror, Perror
1 7.54678908973037925e-05 7.71845433717649205e-03
2 2.31039532948771989e-18 4.37131138034899150e-17
