Iter, Rerror, Perror
1 5.20352728619899083e-04 1.88329353579448494e-02
2 5.64596666002745784e-06 2.73087725310353427e-04
