Iter, Rerror, Perror
1 1.81919326306827201e-03 5.24190180531226221e-02
2 4.92834051683113320e-05 1.78953297516425396e-03
