Iter, Rerror, Perror
1 1.16348883061489833e-17 4.89520842348714017e-17
