Iter, Rerror, Perror
1 2.61332997059644714e-03 2.94509225359657414e-03
2 2.79631640540967347e-04 5.40525109289970770e-04
3 1.49504732342017026e-05 3.89940522141847510e-05
4 4.77782026116343176e-07 1.48776297757260955e-06
5 1.00423296020452197e-08 3.53059817669076365e-08
6 1.21395740776789014e-10 5.20178548622815945e-10
