Iter, Rerror, Perror
1 2.08232256456849471e-04 8.21557644523679431e-04
2 9.03884448588093579e-18 4.06123315354820021e-17
