Iter, Rerror, Perror
1 4.03327571600846553e-04 1.17460191843830669e-03
2 5.46685671730587432e-06 2.38139121647022518e-05
3 9.87123152641522267e-18 4.22651930919178703e-17
