Iter, Rerror, Perror
1 7.44979858336898733e-04 2.16914728964155527e-03
2 1.71516548605967209e-05 7.43719935628618634e-05
3 9.80791627634592063e-18 4.14587530754660949e-17
