Iter, Rerror, Perror
1 1.16017282509500090e-03 2.69037764046466945e-03
2 4.82000481714477464e-05 1.75905997285949776e-04
3 7.16325075994019989e-07 3.15964453188407334e-06
