Iter, Rerror, Perror
1 1.09477908387767383e-17 4.54556403470293469e-17
