Iter, Rerror, Perror
1 3.89084338378489769e-04 1.53158968755642030e-03
2 8.76957684858414773e-18 3.85990193960116357e-17
