Iter, Rerror, Perror
1 3.91079864631049354e-07 1.19395439120079049e-04
2 2.00470967922880455e-11 8.89947574465494857e-09
3 3.49722268975321627e-15 4.14634315685167533e-13
