Iter, Rerror, Perror
1 2.19869924876234843e-07 8.94885710384943166e-05
2 8.13675345576868692e-12 4.78065205375696569e-09
3 2.78775963390153745e-15 1.54068520516891637e-13
