Iter, Rerror, Perror
1 7.89502061265253160e-20 9.75336778240184306e-18
