Iter, Rerror, Perror
1 7.38960551725307809e-08 4.97528291582894939e-05
2 1.40093265565316545e-12 1.33269567195309782e-09
3 1.72200166758143024e-15 1.94318575309221696e-14
