Iter, Rerror, Perror
1 4.59804861909896820e-09 8.36744615953863330e-06
2 1.22309034357162808e-19 9.70556789614701844e-18
