Iter, Rerror, Perror
1 1.22875852181434547e-08 1.67186702370609212e-05
2 4.93487296992632015e-14 8.96668853098230872e-11
3 1.36745469879653185e-19 9.75976632899014252e-18
