Iter, Rerror, Perror
1 2.99484058221321009e-07 1.04682674643566542e-04
2 1.32224689176589644e-11 6.70031079811927609e-09
3 3.13979283372702578e-15 2.63777041681322184e-13
