Iter, Rerror, Perror
1 9.69857396107052346e-08 5.78686979109814298e-05
2 2.19159450065689624e-12 1.85929413171477301e-09
3 1.97831834318775228e-15 3.35406996837491105e-14
