Iter, Rerror, Perror
1 1.23136955190030540e-07 6.59086669845426222e-05
2 3.22846077443850249e-12 2.46931384513115413e-09
3 2.20496153792402571e-15 5.32361019729388558e-14
