Iter, Rerror, Perror
1 2.58172424728087969e-07 9.71428184694895700e-05
2 1.04774979548353139e-11 5.70422050810477202e-09
3 2.96557151029740560e-15 2.04189300105204092e-13
