Iter, Rerror, Perror
1 1.84589029361919667e-07 8.17265788646474964e-05
2 6.16926363915650510e-12 3.93210151540353171e-09
3 2.60478303200224133e-15 1.12707933686327523e-13
