Iter, Rerror, Perror
1 3.43791358860745550e-07 1.12102053985770327e-04
2 1.64022677580036462e-11 7.76630360047810446e-09
3 3.31571354440751985e-15 3.34330868943092598e-13
