Iter, Rerror, Perror
1 1.52341213060449121e-07 7.38640363870627655e-05
2 4.54371031734631672e-12 3.16092368210408871e-09
3 2.41179700552974693e-15 7.93501800469675318e-14
