Iter, Rerror, Perror
1 2.30661559037916582e-08 2.50430976039362830e-05
2 1.81126177953682960e-13 2.68576263134229790e-10
3 7.22888920176133309e-16 1.90816886383564782e-15
