Iter, Rerror, Perror
1 3.69302615478599649e-08 3.33303280747193427e-05
2 4.28392529929148872e-13 5.36046425681550940e-10
3 1.08757045528087664e-15 4.53178612040277515e-15
