Iter, Rerror, Perror
1 5.38753960038001983e-08 4.15701963712719147e-05
2 8.24067834976836806e-13 8.91144229973692151e-10
3 1.42334902622988200e-15 1.00492983221373119e-14
