Iter, Rerror, Perror
1 1.80760926359530678e-03 5.38316641151523508e-03
2 5.19287536461584347e-05 2.26339333407168318e-04
3 1.15848610413849585e-17 5.17316879136439144e-17
