Iter, Rerror, Perror
1 1.31130756122502449e-17 5.85166035623898405e-17
