Iter, Rerror, Perror
1 9.15639076986869672e-04 3.65397769612933873e-03
2 1.06048636663539614e-17 4.96614057258433825e-17
