Iter, Rerror, Perror
1 9.02386013231411277e-05 3.53505140723501100e-04
2 6.10033487151702303e-18 3.02170129481724303e-17
