Iter, Rerror, Perror
1 1.69066787135828167e-04 4.88588198637347000e-04
2 1.54630621594645780e-06 6.74909070848619867e-06
3 6.84274036378013990e-18 3.06372207023087431e-17
