Iter, Rerror, Perror
1 8.19880917453332294e-18 3.68509020222922453e-17
