Iter, Rerror, Perror
1 6.49171761527170244e-04 1.88823430909936907e-03
2 6.63772898771789876e-06 2.87418201884234832e-05
3 1.03590744681745685e-17 4.44570532906894661e-17
