Iter, Rerror, Perror
1 3.32760213673959039e-04 1.31694045951668854e-03
2 9.81202830682749537e-18 4.41863828967797183e-17
