Iter, Rerror, Perror
1 1.25477312241254274e-17 5.24950929459825731e-17
