Iter, Rerror, Perror
1 3.89084338378489769e-04 1.53158968755642030e-03
2 8.82900642627110505e-18 3.88215158172658634e-17
