Iter, Rerror, Perror
1 2.74986622147922006e-03 4.07738048759574093e-03
2 2.85296451028357824e-04 7.15970135565804694e-04
3 1.38602276554450556e-05 4.56125128088909218e-05
