Iter, Rerror, Perror
1 7.44979858336898624e-04 2.16914728964155527e-03
2 1.71516548605966837e-05 7.43719935628617821e-05
