Iter, Rerror, Perror
1 1.16017282509500090e-03 2.69037764046466945e-03
2 4.82000481714477193e-05 1.75905997285950074e-04
3 8.71852945374240957e-18 3.81351238252097693e-17
