Iter, Rerror, Perror
1 1.63574262861018250e-03 3.15351319498651580e-03
2 9.98166217541485406e-05 3.14956799825628171e-04
3 2.22184951910718546e-06 9.54522179494543930e-06
