Iter, Rerror, Perror
1 1.12704517926078430e-17 4.63921547967721013e-17
