Iter, Rerror, Perror
1 2.16712483921675456e-03 3.61684365038919368e-03
2 1.77504332400133473e-04 4.96790184698774387e-04
3 6.34159562429823161e-06 2.32624900909638158e-05
