Iter, Rerror, Perror
1 3.39134012989318525e-03 4.56235208272663412e-03
2 4.28501562683656040e-04 9.74455073677248703e-04
3 2.64488954074560647e-05 7.95925532295597174e-05
