Iter, Rerror, Perror
1 5.23981585938983500e-04 1.19050889482308110e-02
2 4.29572426876567856e-06 1.08622958012813669e-04
