Iter, Rerror, Perror
1 9.81079194594816297e-05 6.55386239421034463e-03
2 2.00295029633375114e-07 1.78108651198260987e-05
