Iter, Rerror, Perror
1 2.62187670215435439e-04 9.42705340022080215e-03
2 1.41620489436416155e-06 6.78472901011397414e-05
