Iter, Rerror, Perror
1 3.52931350315921738e-04 1.01967071721029666e-02
2 2.35447268302850158e-06 8.71970450900467125e-05
