Iter, Rerror, Perror
1 7.29353014348345830e-04 1.75131661541609897e-02
2 6.55304728639379873e-06 2.09255462780373282e-04
