Iter, Rerror, Perror
1 1.05344646277437458e-03 3.43330449570498353e-02
2 1.87921427878028004e-05 6.56204304173891011e-04
