Iter, Rerror, Perror
1 9.87540471304055971e-04 3.04162334578897443e-02
2 1.55897221824481162e-05 5.50281856281588941e-04
