Iter, Rerror, Perror
1 4.41513945318387357e-04 1.09326895206606368e-02
2 3.36031483535806069e-06 9.96428717285783525e-05
