Iter, Rerror, Perror
1 1.75025361919142752e-04 8.31811287141705907e-03
2 6.73058520097847709e-07 4.30785737498336302e-05
