Iter, Rerror, Perror
1 7.91061956935668314e-04 2.02497950857933040e-02
2 7.84473702280764367e-06 2.79689983369750387e-04
