Iter, Rerror, Perror
1 8.54221187528924415e-04 2.33318399727350384e-02
2 9.85006802134743415e-06 3.62112848964670853e-04
