Iter, Rerror, Perror
1 5.98686498432282502e-04 1.32972614751028645e-02
2 5.07584918957092667e-06 1.23711803050161317e-04
