Iter, Rerror, Perror
1 6.66314742211643481e-04 1.51752041851093509e-02
2 5.74867644574740717e-06 1.56036629042261173e-04
