Iter, Rerror, Perror
1 9.20040978379171957e-04 2.67284957834290661e-02
2 1.25132025285406439e-05 4.52744414242987610e-04
