Iter, Rerror, Perror
1 3.79726066515750525e-05 3.82762712595686354e-03
2 2.32852482767921098e-18 4.40826788077524310e-17
