Iter, Rerror, Perror
1 2.34794816980461606e-18 4.78534316994222072e-17
