Iter, Rerror, Perror
1 3.69317964477665543e-08 1.67751821252304081e-08
2 7.12580830422186132e-13 5.25314383070683613e-13
