Iter, Rerror, Perror
1 1.42036915244803145e-08 1.50010030750765609e-08
2 1.66071905391089668e-13 2.97201647002680889e-13
