Iter, Rerror, Perror
1 9.52335589864293371e-09 1.41508006268305128e-08
2 8.08180784791171150e-14 2.16097312095298121e-13
