Iter, Rerror, Perror
1 2.40442177037867650e-08 1.58214328356485517e-08
2 3.77101799316898769e-13 3.90158795395039929e-13
