Iter, Rerror, Perror
1 1.66083246756507325e-08 1.52722303989879512e-08
2 2.13792295790225509e-13 3.11575659254627641e-13
