Iter, Rerror, Perror
1 3.13106687225133906e-09 1.14113875306117639e-08
2 1.30102314953000880e-17 5.70614956978124396e-17
