Iter, Rerror, Perror
1 7.28225483011171319e-09 1.36788427131146731e-08
2 4.85717022735298744e-14 1.66131527670378192e-13
