Iter, Rerror, Perror
1 3.42993926467956564e-08 1.65543399280026194e-08
2 6.38778053980871842e-13 4.93642899694274735e-13
