Iter, Rerror, Perror
1 1.45347951786543014e-17 6.21796246636157325e-17
