Iter, Rerror, Perror
1 5.10033387137063288e-09 1.22947585177887732e-08
2 1.87119089617787301e-14 8.35838790087020424e-14
