Iter, Rerror, Perror
1 2.91380410204387618e-08 1.61561890342539097e-08
2 5.01854266977028898e-13 4.42485627165736018e-13
