Iter, Rerror, Perror
1 2.65751912781782752e-08 1.59870307105213016e-08
2 4.37767340643286570e-13 4.13972952982510304e-13
