Iter, Rerror, Perror
1 3.17137957128285767e-08 1.63441742235876871e-08
2 5.69020092703138096e-13 4.66747992404991155e-13
