Iter, Rerror, Perror
1 2.15545446075549786e-08 1.56563048879155837e-08
2 3.19689871316335574e-13 3.63916248603461020e-13
