Iter, Rerror, Perror
1 1.18528431217829758e-08 1.47210719456437084e-08
2 1.21548000739454866e-13 2.60725182801821965e-13
