Iter, Rerror, Perror
1 1.90760733799544642e-08 1.54686026496184953e-08
2 2.64953412160218900e-13 3.40839985357381769e-13
