Iter, Rerror, Perror
1 1.78238526171170867e-04 9.87082924836298276e-04
2 1.19552738642225345e-07 6.07616243807106740e-07
3 9.50647603923195125e-11 4.07055894825713048e-10
