Iter, Rerror, Perror
1 9.68080967800856465e-06 2.24352754903558504e-05
2 7.70387983053154951e-09 2.51187646101354333e-08
3 5.03954354875180160e-12 2.13612860370710720e-11
