Iter, Rerror, Perror
1 2.81613341235052783e-05 9.13992789150345927e-05
2 3.32392550780429251e-08 7.26554884360831813e-08
3 2.68124233878003450e-11 7.41631213135471322e-11
