Iter, Rerror, Perror
1 7.33005895093466745e-18 2.56109800114577001e-17
