Iter, Rerror, Perror
1 7.43599389814469878e-06 2.14280213710939362e-05
2 4.93396157573054552e-09 2.02229690104808269e-08
3 6.91599817104861478e-18 2.43626831196608297e-17
