Iter, Rerror, Perror
1 6.60403695845394705e-05 3.42969749981028929e-04
2 6.00069416871982672e-08 2.10860713345034308e-07
3 5.23116645966747044e-11 1.58709521101138639e-10
