Iter, Rerror, Perror
1 5.42364795339149422e-06 2.09780244338271791e-05
2 6.93987631898997451e-18 2.37207713032524436e-17
