Iter, Rerror, Perror
1 1.70634895290253574e-05 3.45012532865176215e-05
2 1.85339048668382467e-08 4.20934484608851079e-08
3 1.31836731637361733e-11 4.01040768292122681e-11
