Iter, Rerror, Perror
1 1.20403002840959488e-05 2.27465650150767402e-05
2 1.09643977989989237e-08 3.07438145593561871e-08
3 7.20211077502039147e-12 2.50957972034178519e-11
