Iter, Rerror, Perror
1 1.03261756484616105e-04 5.76167662510409313e-04
2 8.04131516627063211e-08 3.46229991652942671e-07
3 6.82716993818717222e-11 2.38464331232994932e-10
