Iter, Rerror, Perror
1 2.39165252021365072e-05 5.59821773181297841e-05
2 2.78293257409103680e-08 5.83541174303991211e-08
3 2.14829457654787164e-11 6.08186765315628065e-11
