Iter, Rerror, Perror
1 4.63166344139017918e-05 2.10111652684184661e-04
2 4.83470274155575152e-08 1.30813734343340713e-07
3 4.14927688069249550e-11 1.17610498757959746e-10
