Iter, Rerror, Perror
1 1.45211691059677005e-05 2.59465400887232885e-05
2 1.45702348090705329e-08 3.62409941120496986e-08
3 9.93234886107634778e-12 3.21330380284003277e-11
