Iter, Rerror, Perror
1 3.23225145259033598e-04 1.80286047243540101e-03
2 1.96060338284469588e-07 1.16795870003308064e-06
3 1.48544189987982837e-10 8.20149963198159146e-10
