Iter, Rerror, Perror
1 3.45890216249026441e-05 1.39816292642671263e-04
2 3.98186478615105443e-08 9.13451220883660447e-08
3 3.33277407461530471e-11 9.16595177491716088e-11
