Iter, Rerror, Perror
1 2.01155955575248386e-05 4.16904180964991017e-05
2 2.29450454335518776e-08 4.86553753557900402e-08
3 1.69597242322176165e-11 4.94945207087637886e-11
