Iter, Rerror, Perror
1 2.01919387278982602e-18 4.05966601910247329e-17
