Iter, Rerror, Perror
1 7.51773293733385149e-05 7.70809603276852075e-03
2 1.96935182850193852e-18 3.71426050135796463e-17
