Iter, Rerror, Perror
1 1.94366098876358939e-04 1.31617264520347051e-02
2 7.98533289712789353e-07 7.23783871770789623e-05
3 2.01277006770752377e-18 3.45974009327843285e-17
