Iter, Rerror, Perror
1 1.50025399025624409e-05 7.60779587877725072e-05
2 4.60701742382669840e-08 1.86419044956778610e-07
3 3.55407122533839306e-10 1.53481080411653405e-09
