Iter, Rerror, Perror
1 5.92827864488143317e-06 4.52545002070951224e-05
2 8.12661073757401814e-09 5.33656185369523834e-08
3 4.35327049116085603e-11 4.16253546856545837e-10
