Iter, Rerror, Perror
1 1.50144340024934493e-06 1.20813552886963903e-05
2 4.20522166975204792e-17 3.07224308410743469e-16
