Iter, Rerror, Perror
1 1.00767451409849878e-05 4.79140307342772946e-05
2 2.12076969031271875e-08 8.50087084526066059e-08
3 1.50153672024962443e-10 6.76420981275466750e-10
