Iter, Rerror, Perror
1 3.07646912173495038e-06 2.23429976606057198e-05
2 3.09847755434619458e-09 2.04246134111909613e-08
3 3.96254056799870541e-17 3.05592603083946127e-16
