Iter, Rerror, Perror
1 4.03390346707391902e-17 3.56050042073061210e-16
