Iter, Rerror, Perror
1 1.13333505141988677e-05 6.74220069140892345e-05
2 2.97530715157082225e-08 1.58806577532061444e-07
3 2.17846202606573631e-10 1.24030899696014033e-09
