Iter, Rerror, Perror
1 4.38176813270096480e-06 3.31391623854148298e-05
2 5.29923344098401585e-09 3.41155295418099630e-08
3 2.06488781361221531e-11 1.99480596955994064e-10
