Iter, Rerror, Perror
1 1.58165137128521904e-05 8.26609681677136003e-05
2 5.37442533899961896e-08 2.36183059972766776e-07
3 4.20299836845032690e-10 1.92413453623198594e-09
