Iter, Rerror, Perror
1 1.44575990288766721e-05 7.44519130670016004e-05
2 4.16522580945195968e-08 1.84699869047847257e-07
3 3.11809807797004578e-10 1.49965352816175931e-09
