Iter, Rerror, Perror
1 2.50656101149042655e-06 1.79839945651169462e-05
2 1.35754409242081279e-09 9.56475051439532642e-09
