Iter, Rerror, Perror
1 2.05085069178903178e-05 9.28253568858135786e-05
2 8.08512250178963200e-08 2.72116658024071754e-07
3 6.51605928133664594e-10 2.34871731739151260e-09
