Iter, Rerror, Perror
1 1.93978555965659346e-05 8.71381244692942650e-05
2 7.22404113629293838e-08 2.65433524382668879e-07
3 5.69609181497826112e-10 2.19878295746627349e-09
