Iter, Rerror, Perror
1 6.19009018318529851e-06 4.35751233723443996e-05
2 1.00779355829777698e-08 6.12231010440894421e-08
3 6.17401333693926025e-11 4.54978791719944758e-10
