Iter, Rerror, Perror
1 1.02163316066490886e-05 5.20377493776468601e-05
2 2.37337485383097685e-08 1.01539443613759782e-07
3 1.72091940584152731e-10 7.88908530439611222e-10
