Iter, Rerror, Perror
1 7.75888915504880106e-06 4.61658099801351716e-05
2 1.46752322839766086e-08 7.71317094931689808e-08
3 9.80690789393163067e-11 5.86174401502411879e-10
