Iter, Rerror, Perror
1 2.35703480216360381e-02 1.90633776527670135e-01
2 5.57935091003818918e-03 1.60673940777314395e-01
3 4.99455914035337873e-17 4.17706237412278494e-16
