Iter, Rerror, Perror
1 5.42964740039855113e-17 4.05473631637393514e-16
