Iter, Rerror, Perror
1 1.58000708684562924e-02 2.19851925024893369e-01
2 5.88659722319416067e-17 4.29523410808940722e-16
