Iter, Rerror, Perror
1 4.03033004823790102e-03 3.93167060732384221e-03
2 5.23271216696632709e-04 8.76060433739764277e-04
3 3.42087780190516853e-05 7.82439142404130596e-05
