Iter, Rerror, Perror
1 2.65200137817661141e-04 1.03378343426324226e-03
2 7.53293390166012323e-18 3.50363303342664901e-17
