Iter, Rerror, Perror
1 4.87936898529195829e-04 1.40639284265116045e-03
2 6.52881270176754005e-06 2.85434800510891283e-05
