Iter, Rerror, Perror
1 1.37913341310573955e-03 2.24568863754806905e-03
2 6.41092198838845570e-05 1.79220347084263547e-04
3 1.03858376867954667e-06 4.38062371496346216e-06
