Iter, Rerror, Perror
1 1.73873846864411948e-03 2.49370233408033066e-03
2 1.02502790306641434e-04 2.57487091249311529e-04
3 2.57867319938850930e-06 9.06950447552220553e-06
