Iter, Rerror, Perror
1 7.49775971829396955e-04 1.71833355573646276e-03
2 1.78372850883128698e-05 6.51318250982567642e-05
