Iter, Rerror, Perror
1 1.04830110660838181e-03 1.98729516969382760e-03
2 3.64079708649185145e-05 1.15228900950161103e-04
3 9.00671598216812269e-18 3.81703861230940704e-17
