Iter, Rerror, Perror
1 9.44216304081279136e-18 4.08296171124675724e-17
