Iter, Rerror, Perror
1 2.55716582225987534e-03 3.01393776986983710e-03
2 2.19659906958496456e-04 4.58450775172386624e-04
3 9.01723194531293376e-06 2.55293546152086667e-05
