Iter, Rerror, Perror
1 3.50174229117308994e-03 3.59985321295993753e-03
2 4.02185621728586799e-04 7.20539854756888283e-04
3 2.29502318350672151e-05 5.59594189181907291e-05
