Iter, Rerror, Perror
1 2.13045547739054968e-03 2.75097980481312865e-03
2 1.53668153782999579e-04 3.50505192704631799e-04
3 5.10297569308507844e-06 1.58648017748525404e-05
