Iter, Rerror, Perror
1 3.01359431965824050e-03 3.29682660648775248e-03
2 3.01840818633122767e-04 5.81406324144882508e-04
3 1.47847657330818424e-05 3.86439947505918442e-05
