Iter, Rerror, Perror
1 6.04613180361409052e-17 5.25767926747694357e-16
