Iter, Rerror, Perror
1 4.44202758561259865e-03 1.52781254253342103e-01
2 4.26561580401009965e-04 1.35575790328983231e-02
3 5.76715008990898417e-17 4.31798659088602008e-16
