Iter, Rerror, Perror
1 2.80895503108542907e-03 9.06813842409626703e-02
2 6.38084001418675867e-17 4.63359426773562254e-16
