Iter, Rerror, Perror
1 4.31978787846346593e-06 2.08354115540671870e-04
2 1.49559987764049974e-09 1.02129773214812941e-07
3 1.39452491355254144e-18 2.45550655876864105e-17
