Iter, Rerror, Perror
1 1.28974497749692757e-18 2.26371387851048344e-17
