Iter, Rerror, Perror
1 1.67384861779572227e-06 1.08178547621081640e-04
2 1.27576986230841253e-18 2.30301104852682852e-17
