Iter, Rerror, Perror
1 1.00394939144890658e-17 4.36371654013760194e-17
