Iter, Rerror, Perror
1 7.52860192487880769e-06 2.76526026879205345e-05
2 8.23085225460596206e-18 3.80241357834271520e-17
