Iter, Rerror, Perror
1 1.02439015050458119e-05 2.66013800347497954e-05
2 4.24881903370847675e-09 2.01489439783770481e-08
3 9.34711359354618499e-18 4.05528473337788655e-17
