Iter, Rerror, Perror
1 3.68879625992337441e-17 3.20967390133765363e-16
