Iter, Rerror, Perror
1 1.68290399027986627e-04 8.65910196708047212e-04
2 4.75750426392440738e-06 1.99823844508245481e-05
3 8.07725024407023865e-08 4.51417652594087000e-07
