Iter, Rerror, Perror
1 7.13484631739598203e-05 4.51633037726214138e-04
2 1.12573514369616175e-06 6.57106718104230583e-06
