Iter, Rerror, Perror
1 2.39840220644478743e-04 1.17551876969650029e-03
2 8.23401813586644662e-06 3.32334772703396283e-05
3 2.07135037106249388e-07 8.91517581978074124e-07
