Iter, Rerror, Perror
1 1.65513711463961745e-04 7.96821774160651457e-04
2 4.29724315093349400e-06 1.75487775071385926e-05
3 4.69971129275498973e-08 3.23437143937144020e-07
