Iter, Rerror, Perror
1 3.87597060170744197e-05 2.45694807812450039e-04
2 2.86845016090071290e-07 2.01978232361335102e-06
