Iter, Rerror, Perror
1 1.26285016288650483e-04 7.59083566381251926e-04
2 3.00246487479476710e-06 1.62566622554481445e-05
3 1.80016443640306835e-08 1.53118745273651422e-07
