Iter, Rerror, Perror
1 1.01589507641693770e-04 5.70965647907307116e-04
2 2.11440979477722281e-06 1.01220102243963221e-05
3 3.35701325952462122e-17 2.92867454054022781e-16
