Iter, Rerror, Perror
1 3.21078621366512908e-04 1.58786831464893699e-03
2 1.38297139633166724e-05 5.31992624518173420e-05
3 5.04185186641296821e-07 1.85929947287453751e-06
