Iter, Rerror, Perror
1 1.87663694266579416e-04 1.10655153560410002e-03
2 5.92643156100380588e-06 3.06758637242459409e-05
3 1.31550669896690070e-07 7.55449407785809589e-07
