Iter, Rerror, Perror
1 3.37793097576377991e-04 1.66542264327485044e-03
2 1.53847933323451130e-05 5.49058549652030353e-05
3 6.16381179470226377e-07 1.84563389731269300e-06
