Iter, Rerror, Perror
1 9.72965853910717288e-05 5.50122131378794131e-04
2 1.73453596023310884e-06 8.61463523688995802e-06
