Iter, Rerror, Perror
1 2.65084070736671469e-04 1.45657832569001536e-03
2 1.05158811212022596e-05 4.81950412400838189e-05
3 3.53138580532602123e-07 1.57631470447527254e-06
