Iter, Rerror, Perror
1 4.86223460755077521e-05 3.06421856832627662e-04
2 6.49062995827418710e-07 3.95816080618595082e-06
