Iter, Rerror, Perror
1 2.29680615743197644e-05 1.61588768643288096e-04
2 3.75576611476141708e-17 2.94729319718211916e-16
