Iter, Rerror, Perror
1 2.51184573393943003e-04 1.24277297825627769e-03
2 9.16920560460008369e-06 3.48335085058950421e-05
3 2.65214656836833803e-07 9.80316805343364959e-07
