Iter, Rerror, Perror
1 4.10799015625751292e-18 5.80544069581291978e-17
