Iter, Rerror, Perror
1 3.22822223731544854e-04 8.55683597818097941e-03
2 1.10758808687886082e-06 3.79427867914568595e-05
3 3.60656586518180870e-18 4.00703402822966581e-17
