Iter, Rerror, Perror
1 1.39017133438315940e-04 5.75258870131961381e-03
2 3.93396751357941281e-18 4.79543657761653766e-17
