Iter, Rerror, Perror
1 1.46623232515775592e-17 5.73125230919681409e-17
