Iter, Rerror, Perror
1 2.32383630785647525e-04 7.44923825521776029e-04
2 1.20435003343422772e-17 5.01282712883239881e-17
