Iter, Rerror, Perror
1 2.70779662579546314e-04 5.39033574617170429e-04
2 4.63565594750678141e-06 2.57066794980086252e-05
3 1.21659539340561271e-17 4.98862571193285304e-17
