Iter, Rerror, Perror
1 6.14393355056949784e-03 6.31618805710164322e-02
2 4.16452645413029759e-04 3.19617348284657616e-03
3 4.07172597232377156e-17 3.55320900607840115e-16
