Iter, Rerror, Perror
1 4.52940608068190906e-17 3.76896098956186432e-16
