Iter, Rerror, Perror
1 2.62153070566440577e-03 2.40950135963214386e-02
2 4.46805998746024449e-17 3.42366391818620544e-16
