Iter, Rerror, Perror
1 1.70943308139782012e-07 1.14391607090844310e-07
2 9.90260238136127739e-12 1.05499093938410517e-11
3 1.35273572806973795e-17 5.64084054319783629e-17
