Iter, Rerror, Perror
1 5.14224388637557826e-08 9.74629845493175543e-08
2 1.35596190617703958e-12 4.43299973154483076e-12
