Iter, Rerror, Perror
1 2.63997913557529561e-07 1.22774434945065732e-07
2 1.89566612648972951e-11 1.40240574511180671e-11
3 1.72740040649762359e-15 2.10232299390026525e-15
