Iter, Rerror, Perror
1 1.46859226664710847e-17 6.02380676620543365e-17
