Iter, Rerror, Perror
1 2.26223979024276128e-07 1.19233219325569045e-07
2 1.50651324884193235e-11 1.24526880611672327e-11
3 1.11344728777874230e-15 1.61731088573184666e-15
