Iter, Rerror, Perror
1 2.07627363429515350e-07 1.17515849844945858e-07
2 1.32602965245828622e-11 1.18121806617404469e-11
3 8.29686497023254592e-16 1.31597423096827350e-15
