Iter, Rerror, Perror
1 1.17702073911638444e-07 1.10150391494098822e-07
2 5.59632141003565057e-12 8.15005345967829828e-12
