Iter, Rerror, Perror
1 8.38289924168990815e-08 1.05372127016804852e-07
2 3.25665510600175997e-12 6.56167970788717824e-12
