Iter, Rerror, Perror
1 2.44924688567096034e-07 1.20838258989153372e-07
2 1.69583552645319099e-11 1.32354852583404434e-11
3 1.40972238722020555e-15 1.87413509567123288e-15
