Iter, Rerror, Perror
1 1.00546282828504495e-07 1.07290483976748256e-07
2 4.36751080496397820e-12 7.35695907269954696e-12
