Iter, Rerror, Perror
1 1.35339158093923205e-07 1.11350663714399324e-07
2 6.93741539445330396e-12 9.06535980751518057e-12
