Iter, Rerror, Perror
1 6.72804378083719693e-08 1.00790540306571364e-07
2 2.22577277269617891e-12 5.63921545063284292e-12
