Iter, Rerror, Perror
1 1.53077747128798663e-07 1.13283068528231416e-07
2 8.37192441470325843e-12 9.71039816341181118e-12
