Iter, Rerror, Perror
1 2.21163415929574511e-08 8.03638741176540646e-08
2 1.37041992411607525e-17 5.86270050285660462e-17
