Iter, Rerror, Perror
1 1.89146945950827682e-07 1.16236203622238851e-07
2 1.15369428075521969e-11 1.12040799929788446e-11
3 5.36164284517819655e-16 9.25710830728538346e-16
