Iter, Rerror, Perror
1 3.59710528522537556e-08 8.70981292681190364e-08
2 5.15851553710250131e-13 2.35866350798565694e-12
