Iter, Rerror, Perror
1 1.05677247750684075e-17 4.58036881499896172e-17
