Iter, Rerror, Perror
1 7.12119583445915025e-05 1.99121989006866359e-04
2 2.81319590210964596e-07 1.24740327495467572e-06
3 8.63794291762657255e-18 3.73433847157058519e-17
