Iter, Rerror, Perror
1 4.36150522779952550e-05 1.65979451283342392e-04
2 8.23328360796477027e-18 3.70408612899320580e-17
