Iter, Rerror, Perror
1 4.19284750632017745e-17 1.91806790354710484e-16
