Iter, Rerror, Perror
1 6.42851839240331040e-04 1.73071245589567183e-03
2 5.56032324502762120e-06 1.99542238818567476e-05
3 4.04448381910905278e-17 1.83055391457045027e-16
