Iter, Rerror, Perror
1 3.49567412051156714e-04 1.32666074528673089e-03
2 4.09378453317708171e-17 1.85644958841099447e-16
