Iter, Rerror, Perror
1 1.34887159148785037e-05 1.54845392502751837e-05
2 5.94237708556921612e-09 8.72627316992610439e-09
3 7.37573850061985694e-13 3.26523429312312762e-12
