Iter, Rerror, Perror
1 3.03525546003586221e-05 1.80039349281229267e-05
2 1.82920323252142332e-08 1.44706528823065649e-08
3 8.81564096496334647e-11 9.30926157878727725e-11
