Iter, Rerror, Perror
1 4.10312402221375199e-06 1.36525194877184883e-05
2 1.39383989399151444e-17 6.11370169040659259e-17
