Iter, Rerror, Perror
1 1.73432582696589583e-05 1.58683852369445491e-05
2 8.51272348177967220e-09 1.02337049315225589e-08
3 1.45247078737350484e-11 4.81532950598766823e-11
