Iter, Rerror, Perror
1 1.16748383982897905e-05 1.32055436319046342e-05
2 4.75569195658485889e-09 1.11182254761849786e-08
3 1.36892347235873152e-17 5.94330266529893926e-17
