Iter, Rerror, Perror
1 4.97291694154494691e-06 1.09247971299091036e-05
2 1.16220694734243281e-09 6.34469664278904803e-09
