Iter, Rerror, Perror
1 1.53904578732952751e-05 1.39664587691393935e-05
2 7.17014003672051341e-09 1.22679490435257456e-08
3 6.87316519524217701e-12 2.94599053490013793e-11
