Iter, Rerror, Perror
1 2.14068748844757970e-05 1.62504068102009181e-05
2 1.14315333993063275e-08 1.17000876743615092e-08
3 3.61686493028630096e-11 7.10163791247379585e-11
