Iter, Rerror, Perror
1 8.23179472796669979e-06 1.23947753706466865e-05
2 2.73024392906949027e-09 9.20390180206102574e-09
