Iter, Rerror, Perror
1 1.93369603094436585e-05 1.49477149277547780e-05
2 9.93176181642017477e-09 1.30467602242282812e-08
3 2.51343877665929775e-11 6.62601454553857123e-11
