Iter, Rerror, Perror
1 2.80037683802857181e-05 1.72054938405574184e-05
2 1.64565521320524754e-08 1.44282674120222954e-08
3 7.43131030674223812e-11 9.20790494664214860e-11
