Iter, Rerror, Perror
1 6.54976172722853640e-06 1.37016095142781925e-05
2 1.88133462430663114e-09 4.63604193894502006e-09
