Iter, Rerror, Perror
1 2.35493833130431116e-05 1.59972724728438644e-05
2 1.30477111266913045e-08 1.37454529437090082e-08
3 4.79576920324641642e-11 7.64415373770837095e-11
