Iter, Rerror, Perror
1 9.90778527569003654e-06 1.48708003110558990e-05
2 3.76471895059835090e-09 7.03098070292504534e-09
