Iter, Rerror, Perror
1 2.57388347873795013e-05 1.68694922590739714e-05
2 1.46992061361784375e-08 1.30691322375938255e-08
3 6.06113350328044576e-11 8.25366088220121555e-11
