Iter, Rerror, Perror
1 1.53914544315083860e-17 6.57829860942074267e-17
