Iter, Rerror, Perror
1 7.09892549400904381e-04 1.78558154210252049e-03
2 4.45647826189397221e-05 1.45355825226418998e-04
3 2.09979391360910948e-06 8.73669137467172675e-06
