Iter, Rerror, Perror
1 2.46726039515291330e-04 1.03146048306941248e-03
2 6.18836902884841822e-18 2.26178760923297593e-17
