Iter, Rerror, Perror
1 4.59581662592519131e-04 1.43794019136047843e-03
2 2.01091140229283775e-05 8.37846722928453592e-05
3 6.47887025906732338e-18 2.34787221969439380e-17
