Iter, Rerror, Perror
1 6.66905276992147862e-18 2.42900579831159565e-17
