Iter, Rerror, Perror
1 1.30761561404381880e-18 2.18505319736599613e-17
