Iter, Rerror, Perror
1 4.31569121646306734e-06 2.08052809610446114e-04
2 1.47565712666136493e-09 1.01607684910425420e-07
3 1.38684505521464157e-18 2.38138171526731703e-17
