Iter, Rerror, Perror
1 1.67193234837239492e-06 1.07999566110782296e-04
2 1.25845555149637020e-18 2.26104030192754691e-17
