Iter, Rerror, Perror
1 3.39133442059570353e-04 1.22456336581396085e-03
2 2.00917232707729053e-17 8.28178271940642763e-17
