Iter, Rerror, Perror
1 2.29646864411154196e-17 9.33226075270867518e-17
