Iter, Rerror, Perror
1 5.65237065929927868e-04 1.54513333855295517e-03
2 5.61428499053337299e-06 2.88295818682336608e-05
3 2.10280753672758955e-17 8.64781885073623307e-17
