Iter, Rerror, Perror
1 1.97243835797606196e-04 5.40784996779996446e-03
2 5.74854780247456299e-07 1.98840071317445405e-05
