Iter, Rerror, Perror
1 2.12747370627877050e-04 6.20760109181247265e-03
2 7.17536146716533705e-07 2.48480323689810611e-05
