Iter, Rerror, Perror
1 8.16675541225571003e-05 2.34486386731118292e-03
2 1.33036144415988753e-07 5.03174155677050268e-06
