Iter, Rerror, Perror
1 6.06847769921241276e-05 2.16874983060630876e-03
2 7.99791960380305094e-08 3.88950799068473652e-06
