Iter, Rerror, Perror
1 2.28837815502452234e-04 7.07769353437388404e-03
2 8.83855103089696341e-07 3.03071016452717449e-05
