Iter, Rerror, Perror
1 1.02146711646721337e-04 2.51227645864138998e-03
2 1.91107646194188159e-07 5.82889622709317550e-06
