Iter, Rerror, Perror
1 1.68329173989532790e-04 4.04050920312902170e-03
2 3.92423924591408207e-07 1.17353560731548297e-05
