Iter, Rerror, Perror
1 8.89144210787901995e-06 8.86120143432736831e-04
2 2.31086667802796507e-18 4.43251222975858542e-17
