Iter, Rerror, Perror
1 1.38367441461940841e-04 3.05584282658976584e-03
2 2.96537455703716203e-07 7.29349540913774142e-06
