Iter, Rerror, Perror
1 2.44737017107735718e-04 8.00531460865525415e-03
2 1.06017334632785544e-06 3.63984429197787611e-05
