Iter, Rerror, Perror
1 4.05464804634818064e-05 1.91409050720394336e-03
2 3.82899453802595331e-08 2.47681349178995528e-06
