Iter, Rerror, Perror
1 1.21179659592551923e-04 2.73445886244813021e-03
2 2.47103983460032836e-07 6.43231191495940800e-06
