Iter, Rerror, Perror
1 2.33437850393264550e-18 4.75178308641439374e-17
