Iter, Rerror, Perror
1 1.82546307689095377e-04 4.68308593208213806e-03
2 4.66291280667955901e-07 1.54531785128055839e-05
