Iter, Rerror, Perror
1 2.27914006308831699e-05 1.50992099761920024e-03
2 1.15983291000891996e-08 1.03329135852309103e-06
