Iter, Rerror, Perror
1 1.53877669472486607e-04 3.49313255265892809e-03
2 3.41363379306145192e-07 8.97516522009357734e-06
