Iter, Rerror, Perror
1 1.44193574660478227e-04 6.31433187118835438e-04
2 7.15265423808755329e-18 2.86155954398316116e-17
