Iter, Rerror, Perror
1 7.42953899527433785e-18 2.99473803318101273e-17
