Iter, Rerror, Perror
1 3.02209182078418755e-04 9.65337109537632793e-04
2 5.09804590266543502e-06 2.11577005049089358e-05
3 7.08276556543996840e-18 2.88863421803852191e-17
