Iter, Rerror, Perror
1 3.49094214296579548e-04 1.32983042660803270e-03
2 4.11836098100148702e-17 1.94762083604696730e-16
