Iter, Rerror, Perror
1 4.28914898047575380e-17 2.02073618872935257e-16
