Iter, Rerror, Perror
1 6.43046797685988317e-04 1.73312443723290673e-03
2 5.60709738179758294e-06 2.00244098049480701e-05
3 4.13788277715407780e-17 1.93385334892942947e-16
