Iter, Rerror, Perror
1 4.90431975407413091e-04 1.41240705961008278e-03
2 6.49977480151151512e-06 2.83530370231194211e-05
3 9.15761127577038710e-18 3.82829764491854095e-17
