Iter, Rerror, Perror
1 2.13306235048196183e-03 2.75469544894472920e-03
2 1.52546896612893265e-04 3.49346939499435225e-04
3 5.19936144561847587e-06 1.56949426417234393e-05
4 1.03197473053198820e-07 3.66487040487032196e-07
5 1.28748251442828287e-09 5.08455908347599171e-09
6 1.01507185339918028e-11 4.30908164270003282e-11
7 7.90275471425252097e-18 3.46461021451901407e-17
