Iter, Rerror, Perror
1 9.80811723672169360e-18 4.14682191270061722e-17
