Iter, Rerror, Perror
1 2.67585712694311153e-04 1.04221380168867286e-03
2 7.91383724128396458e-18 3.57661445599207898e-17
