Iter, Rerror, Perror
1 1.02202322887673264e-17 4.13214062984156894e-17
