Iter, Rerror, Perror
1 1.48569122629207875e-03 4.28982205521756099e-03
2 3.89499732203628626e-05 1.68528245051794323e-04
3 8.65758720568737466e-18 3.67640278903136039e-17
