Iter, Rerror, Perror
1 7.96803987800738240e-04 3.09266124610320251e-03
2 8.08265901575689813e-18 3.52243521284296159e-17
