Iter, Rerror, Perror
1 3.07799324753058374e-06 2.59950028090291469e-06
2 3.87159484320740236e-10 6.71512705278819883e-10
3 4.42846384881551363e-14 6.21089078301444839e-14
