Iter, Rerror, Perror
1 1.31063808984798585e-06 2.75939974646699672e-06
2 1.05110922008812965e-10 2.49946700199052363e-10
3 6.36603313369176812e-15 2.75873683392947295e-14
