Iter, Rerror, Perror
1 1.65030867909370147e-06 2.30952263481238064e-06
2 1.50854466411574630e-10 5.28474396323693781e-10
3 9.03882739909817093e-15 2.19930011750665384e-14
