Iter, Rerror, Perror
1 4.67919856592411867e-06 2.82843506318314983e-06
2 6.89867491530226647e-10 6.79110082195053922e-10
3 8.88779768561227270e-14 8.73278093595620452e-14
