Iter, Rerror, Perror
1 8.57553845632873184e-07 2.73257429125572043e-06
2 1.31540911359544067e-17 5.66011108021600598e-17
