Iter, Rerror, Perror
1 1.52563947413657269e-17 6.33263639482500141e-17
