Iter, Rerror, Perror
1 5.10160044389515163e-06 2.98499993332785414e-06
2 7.72910168960327963e-10 6.09008284598920966e-10
3 1.02270636491255633e-13 1.19861524280503473e-13
