Iter, Rerror, Perror
1 2.69970265079374551e-06 3.12885457482969205e-06
2 3.22532668889140459e-10 4.53298669883671622e-10
3 3.49713237034399319e-14 8.42050593796667644e-14
