Iter, Rerror, Perror
1 1.98172881721544394e-06 3.03422825779897146e-06
2 2.06961210505831119e-10 3.74522173551784680e-10
3 1.81107427694237198e-14 6.35415002649462000e-14
