Iter, Rerror, Perror
1 2.33669275452419458e-06 2.46667988538291206e-06
2 2.59424225082238113e-10 6.26047002177795429e-10
3 2.59923502986544064e-14 5.10830962799259477e-14
