Iter, Rerror, Perror
1 4.26737878615875591e-06 3.03186081397264092e-06
2 6.07731876786248047e-10 5.67752598059310961e-10
3 7.71548507980432988e-14 1.12863925829060567e-13
