Iter, Rerror, Perror
1 3.46826832469228741e-06 3.09829816756345507e-06
2 4.57119992502787223e-10 5.15872000700088566e-10
3 5.47332814175886257e-14 1.01592445042757922e-13
