Iter, Rerror, Perror
1 5.52468967794932695e-06 2.90787312156755395e-06
2 8.60228209658854817e-10 6.71684723726982332e-10
3 1.15414071834682153e-13 9.95192934655318707e-14
