Iter, Rerror, Perror
1 5.96057301062267708e-06 2.96672214584526824e-06
2 9.49024881412892027e-10 6.38161262849068550e-10
3 1.29956013593374295e-13 1.22167855378129165e-13
