Iter, Rerror, Perror
1 9.99457974744434110e-07 1.94732931891887174e-06
2 6.57768995590924144e-11 3.68295664222885356e-10
3 1.37481869976229209e-17 5.75341417512337526e-17
