Iter, Rerror, Perror
1 3.85885801015263656e-06 2.72434083247120591e-06
2 5.31025903383110091e-10 6.82729234591673026e-10
3 6.52430884895173173e-14 7.55372463930639085e-14
