Iter, Rerror, Perror
1 1.95215066227873412e-04 1.32118873020531692e-02
2 8.03249035791043953e-07 7.28326693634484274e-05
3 2.62874508785379707e-18 4.61692767172097993e-17
