Iter, Rerror, Perror
1 2.67578869044882993e-18 5.46217730872692777e-17
