Iter, Rerror, Perror
1 7.56066734008569482e-05 7.74835967729132786e-03
2 2.67582426900479373e-18 5.09522254398664750e-17
