Iter, Rerror, Perror
1 2.67585841010755483e-04 1.04221415399437679e-03
2 8.13219335753965520e-18 3.67352986168444168e-17
