Iter, Rerror, Perror
1 4.90431444899236423e-04 1.41240608800121325e-03
2 6.49976374375527672e-06 2.83530039062669871e-05
3 9.34184035407789500e-18 4.07355787164338929e-17
