Iter, Rerror, Perror
1 5.21158459285042501e-03 4.68365560316897668e-03
2 8.32318677141587453e-04 1.23707988995153421e-03
3 6.84162660390770294e-05 1.40374902032290165e-04
4 3.45386048379264961e-06 8.68478956204408583e-06
5 1.19613024987604876e-07 3.46882963674275226e-07
6 3.03461745083399330e-09 9.78228494924891026e-09
7 5.83843577775290035e-11 2.03689950889546444e-10
8 8.59392300510067971e-13 3.20553714531704789e-12
