Iter, Rerror, Perror
1 1.01097347398601366e-17 4.21632473524491312e-17
