Iter, Rerror, Perror
1 7.75161787136371993e-06 1.16000982189678480e-05
2 2.18299669731095680e-09 5.70403893248428774e-09
3 1.57641421036701407e-13 6.46447587953673081e-13
