Iter, Rerror, Perror
1 4.15402902503188751e-06 1.00387396067641364e-05
2 4.53486610788243616e-10 2.08091176444884326e-09
3 1.39852018750944982e-17 5.95126421113135613e-17
