Iter, Rerror, Perror
1 5.93203438957433179e-06 1.12539960585043218e-05
2 1.30119464191494413e-09 4.33269782996633601e-09
3 5.28677704856429401e-14 2.08551052312584826e-13
