Iter, Rerror, Perror
1 1.46597197723142772e-17 6.38970653492852608e-17
