Iter, Rerror, Perror
1 2.56429258805357903e-06 9.29328134250637229e-06
2 1.44838323018989879e-17 6.41353934950387221e-17
