Iter, Rerror, Perror
1 4.74420583376552335e-04 1.38722681197084698e-03
2 2.12818783380564483e-06 8.75937094508935128e-06
3 2.20233109320126590e-17 9.37678987035389788e-17
