Iter, Rerror, Perror
1 2.41415543850511478e-04 9.41533216461094532e-04
2 2.10628740052011104e-17 9.08586431992116302e-17
