Iter, Rerror, Perror
1 2.25071143822900546e-17 9.63690667503151686e-17
