Iter, Rerror, Perror
1 4.32094688453348488e-06 2.08428630434381813e-04
2 1.50069532579843894e-09 1.02268292381803158e-07
3 1.31918376749978999e-18 2.36389866469173964e-17
