Iter, Rerror, Perror
1 1.32343396048192300e-18 2.47501923925149661e-17
