Iter, Rerror, Perror
1 1.67444992142885929e-06 1.08226452892810402e-04
2 1.35675673355503223e-18 2.43013137830424337e-17
