Iter, Rerror, Perror
1 2.97107108114623847e-02 2.04917869739961678e-01
2 4.16036368255505182e-17 2.69263579778039151e-16
