Iter, Rerror, Perror
1 4.26967592100497215e-02 2.48863690135494281e-01
2 2.33790911609271478e-02 2.45541469318365374e-01
3 4.05862818971969632e-17 3.28382202541458951e-16
