Iter, Rerror, Perror
1 3.85618007835674767e-17 2.39641960425068752e-16
