Iter, Rerror, Perror
1 1.84850627773420576e-05 1.85434323150252705e-03
2 1.96270692303136303e-18 3.67234561940290327e-17
