Iter, Rerror, Perror
1 4.77722986759485189e-05 3.18775312329750175e-03
2 4.71155438890837455e-08 4.16845654089750032e-06
3 1.89437662288545387e-18 3.35559126791036328e-17
