Iter, Rerror, Perror
1 2.00801253043466865e-18 4.04041370809796760e-17
