Iter, Rerror, Perror
1 2.28531252235594090e-03 5.13915309464623854e-02
2 7.37862862711469256e-05 1.89972868291887623e-03
