Iter, Rerror, Perror
1 2.38113684184531466e-18 4.63569884946357868e-17
