Iter, Rerror, Perror
1 2.54778315861851120e-03 5.81438617925337173e-02
2 8.32931566813173787e-05 2.40415250347367215e-03
