Iter, Rerror, Perror
1 1.45754783807426950e-04 1.53345618308271814e-02
2 2.34927770854769556e-18 4.38651402877495428e-17
