Iter, Rerror, Perror
1 2.79186154593423583e-03 6.64053177482149953e-02
2 9.53705077473535241e-05 3.19962141581122544e-03
