Iter, Rerror, Perror
1 1.00145627915593292e-03 3.67085535654346484e-02
2 2.14740751031990857e-05 1.06070875528273311e-03
