Iter, Rerror, Perror
1 3.25408846326171852e-03 8.67732405955888020e-02
2 1.44788174715736206e-04 5.39922933344473988e-03
