Iter, Rerror, Perror
1 1.34433614897277879e-03 3.96296175469639522e-02
2 3.53230137513881038e-05 1.34391985217495436e-03
