Iter, Rerror, Perror
1 3.90465330876640579e-03 1.24706974202404411e-01
2 2.71078124819502291e-04 9.53552550099273817e-03
