Iter, Rerror, Perror
1 3.77036363033561464e-04 2.59203313270592733e-02
2 3.08212151344579821e-06 2.87498834782801550e-04
