Iter, Rerror, Perror
1 3.48056417822382438e-03 9.86093861796188131e-02
2 1.83217830197579090e-04 6.67882229696863290e-03
