Iter, Rerror, Perror
1 3.02523318438665525e-03 7.60000566791157323e-02
2 1.15026185822806096e-04 4.22298638963121420e-03
