Iter, Rerror, Perror
1 1.99840067874221781e-03 4.62346739287494909e-02
2 6.30018782017341682e-05 1.65530446471385769e-03
