Iter, Rerror, Perror
1 6.70841439266601212e-04 3.25791197435791949e-02
2 1.02968974034487517e-05 6.84130591268567985e-04
