Iter, Rerror, Perror
1 1.68573333113413207e-03 4.24996266684520493e-02
2 4.98371496185650255e-05 1.52026407078509319e-03
