Iter, Rerror, Perror
1 3.70094804815267707e-03 1.11364150959803926e-01
2 2.26639581371038926e-04 8.04927944048811420e-03
