Iter, Rerror, Perror
1 4.07715464610004727e-02 2.34539419964526541e-01
2 2.16625444775689485e-02 2.27523773740594820e-01
3 5.97021557013652808e-17 5.08075318497715793e-16
