Iter, Rerror, Perror
1 5.43767520124340292e-17 3.58927586539631847e-16
