Iter, Rerror, Perror
1 2.81469821109754104e-02 1.93820748873619331e-01
2 5.81927107341751519e-17 4.06168297669600127e-16
