Iter, Rerror, Perror
1 1.04934959143206845e-03 4.54487324778569332e-02
2 4.00204075132456882e-18 4.82455010928353937e-17
