Iter, Rerror, Perror
1 2.38590020664436984e-03 6.60162620044628806e-02
2 6.46187261015955674e-05 2.38861707057297975e-03
3 3.63914357229297414e-18 4.06565710451635688e-17
