Iter, Rerror, Perror
1 4.01733275439813527e-18 5.58879791013601397e-17
