Iter, Rerror, Perror
1 1.20596183343895488e-07 4.53365204217764817e-05
2 2.28480422382435798e-12 1.24233623361965699e-09
3 2.85029177983801697e-15 2.61724801357039381e-14
