Iter, Rerror, Perror
1 2.15487281860510028e-09 3.90483683056694568e-06
2 1.18425213288900406e-19 9.65116173412333430e-18
