Iter, Rerror, Perror
1 2.51880912338212972e-08 1.94000173316738808e-05
2 1.79928045315695282e-13 1.94076922486215327e-10
3 1.26497525952775745e-15 3.06452060295519270e-15
