Iter, Rerror, Perror
1 3.45405603006882426e-08 2.32188301129499808e-05
2 3.05776586459322158e-13 2.90241412553318106e-10
3 1.52684668371478757e-15 4.00449954210935369e-15
