Iter, Rerror, Perror
1 1.32108963105338974e-19 9.67772857088957824e-18
