Iter, Rerror, Perror
1 4.53253576366922352e-08 2.70065288701716068e-05
2 4.78233529375570353e-13 4.04928994226179089e-10
3 1.78139076435281398e-15 5.30530199491463744e-15
