Iter, Rerror, Perror
1 5.75250271964760064e-09 7.80214863358902918e-06
2 1.08610287025899013e-14 1.95277184504571714e-11
3 9.98647713195002305e-20 9.61953918042163618e-18
