Iter, Rerror, Perror
1 1.39885595814702917e-07 4.88556455480868953e-05
2 2.88317017742186187e-12 1.45928547090095077e-09
3 3.02196793564435190e-15 3.13134890094493839e-14
