Iter, Rerror, Perror
1 7.11775490900007007e-08 3.44717306140192379e-05
2 9.91154981428758981e-13 6.88413854344334887e-10
3 2.26022324593838050e-15 9.62047636494698179e-15
