Iter, Rerror, Perror
1 8.62365884817330953e-08 3.81413320526946323e-05
2 1.34557997477915650e-12 8.56372489059301606e-10
3 2.47259037465614711e-15 1.29401630048153445e-14
