Iter, Rerror, Perror
1 1.02711246244705878e-07 4.17640482267599017e-05
2 1.77452268073638095e-12 1.04118400422026096e-09
3 2.66783085163590824e-15 1.70005109077991708e-14
