Iter, Rerror, Perror
1 1.07917416873052396e-08 1.16870002967621690e-05
2 3.96184989880597869e-14 5.84909751724931723e-11
3 6.40976415234744366e-16 1.46276940557862317e-15
