Iter, Rerror, Perror
1 1.72709673782383893e-08 1.55545379800601927e-05
2 9.35878064301162347e-14 1.16741642677293114e-10
3 9.82324747863697505e-16 2.29515234648160838e-15
