Iter, Rerror, Perror
1 1.82652306386758829e-07 5.57227541611164971e-05
2 4.37073356555382959e-12 1.93827150169901309e-09
3 3.34213986317620204e-15 4.52780059652064976e-14
