Iter, Rerror, Perror
1 1.60573214745892396e-07 5.23185822216670196e-05
2 3.57628706198343159e-12 1.69146140559257960e-09
3 3.18574655735019726e-15 3.76779154087074971e-14
