Iter, Rerror, Perror
1 5.75390022841592421e-08 3.07588493803829014e-05
2 7.04356609874552468e-13 5.37785966219706017e-10
3 2.02852239116595657e-15 7.13528731736042538e-15
