Iter, Rerror, Perror
1 2.42368026160154956e-05 2.98833492274147630e-05
2 3.11190007849141803e-08 7.39311073095859164e-08
3 3.07697924521432012e-10 7.15905970697389046e-10
