Iter, Rerror, Perror
1 6.45158535927561856e-05 4.93621392855568561e-05
2 1.73479731459178883e-07 2.21986796394330566e-07
3 2.72479245021747903e-09 3.27419426083569953e-09
