Iter, Rerror, Perror
1 4.89314734301560906e-05 4.01034229020959569e-05
2 1.10396286956293021e-07 1.62410918648187203e-07
3 1.57480571459011970e-09 2.20592392143789991e-09
