Iter, Rerror, Perror
1 3.99342883267736376e-05 3.56354644123412929e-05
2 7.78530731878680588e-08 1.29605747471551485e-07
3 1.01432136364033391e-09 1.62604757980372158e-09
