Iter, Rerror, Perror
1 4.43128497290672796e-05 3.78946459186801349e-05
2 9.32531574626215844e-08 1.45134757908269301e-07
3 1.27534169301097997e-09 1.89817775218660590e-09
