Iter, Rerror, Perror
1 5.89570702145960374e-05 4.59106555385717279e-05
2 1.50278310600233596e-07 2.00792801603627081e-07
3 2.29398481396948724e-09 2.88075860792022361e-09
