Iter, Rerror, Perror
1 1.12147445052728849e-17 4.96914356401457906e-17
