Iter, Rerror, Perror
1 3.18115613573969992e-05 3.22943523433659563e-05
2 5.17444761268239101e-08 1.00551170426275809e-07
3 5.98651318984451009e-10 1.12169045868085337e-09
