Iter, Rerror, Perror
1 7.75624575908894696e-06 2.84344229942284831e-05
2 8.64756867199661822e-18 4.01709233643821788e-17
