Iter, Rerror, Perror
1 5.38067889228751407e-05 4.28677622333741305e-05
2 1.29367129067172003e-07 1.80825091557749192e-07
3 1.91286545116615760e-09 2.51330348824016832e-09
