Iter, Rerror, Perror
1 3.58083092057006149e-05 3.41932308281462117e-05
2 6.40849039466554435e-08 1.13994118920717388e-07
3 7.89918191640661977e-10 1.36891363497580966e-09
