Iter, Rerror, Perror
1 1.71508489889248571e-05 2.83174877340558746e-05
2 1.57064063864599325e-08 4.87245394836282345e-08
3 1.19053972517328536e-10 3.83838903796548133e-10
