Iter, Rerror, Perror
1 1.04192085577700831e-05 2.70850335318174584e-05
2 5.20997863356890646e-09 2.44192942200813178e-08
3 9.49152708486468072e-18 4.22349441406199293e-17
