Iter, Rerror, Perror
1 2.06846093908939650e-05 2.98593460198012278e-05
2 2.28725894855838257e-08 6.05182900256346774e-08
3 2.02069908937948528e-10 5.36609998799601152e-10
