Iter, Rerror, Perror
1 1.37770183469556978e-05 2.86704585313023762e-05
2 9.96753609112585056e-09 3.59391746196357667e-08
3 5.65983464431833829e-11 2.33492609437816397e-10
