Iter, Rerror, Perror
1 2.79489786234570586e-05 3.16321502918054203e-05
2 4.07373029222402215e-08 8.62292199130956783e-08
3 4.38727477793013456e-10 9.05705309102100886e-10
