Iter, Rerror, Perror
1 1.23838654719457292e-05 2.34249333985577672e-05
2 1.30029469309832446e-08 3.76826832672569958e-08
3 1.10559833860417846e-10 3.76943088842495311e-10
