Iter, Rerror, Perror
1 3.42449907094579789e-05 1.05783777134104600e-04
2 8.43926623628555455e-08 2.32371178106557427e-07
3 8.97138063162338270e-10 1.89682441002287286e-09
