Iter, Rerror, Perror
1 2.08646640111836184e-05 3.69520388566347012e-05
2 3.22565264633219764e-08 7.65257738264843947e-08
3 3.82867539795402556e-10 8.64657976914576598e-10
