Iter, Rerror, Perror
1 5.71264710368309543e-05 2.50998700646075010e-04
2 2.05727483058362057e-07 6.94822216728267615e-07
3 1.60950969326153802e-09 4.39545123184776769e-09
