Iter, Rerror, Perror
1 2.45409980575872414e-05 4.71369400099293898e-05
2 4.35811029939216334e-08 1.04979203662188797e-07
3 5.19997751148718093e-10 1.09307713881063897e-09
