Iter, Rerror, Perror
1 5.48775736844278281e-06 2.12676560970179469e-05
2 7.17394337449271951e-18 2.40015640016405773e-17
