Iter, Rerror, Perror
1 9.91583262134164869e-06 2.27699891104277196e-05
2 8.64852680197133180e-09 2.86864918453818821e-08
3 5.26134429378844004e-11 2.17401407334319428e-10
