Iter, Rerror, Perror
1 4.30886166591284083e-05 1.55593774661151889e-04
2 1.29014557135506401e-07 3.96005733135531138e-07
3 1.18183106217573297e-09 2.75562887855481445e-09
