Iter, Rerror, Perror
1 1.77354531207149594e-05 3.19849478623263723e-05
2 2.41992690198329193e-08 5.66206215675810578e-08
3 2.71253711296529926e-10 6.68151703621354264e-10
