Iter, Rerror, Perror
1 1.49900296094441983e-05 2.60915349073954785e-05
2 1.81331737508162578e-08 4.61596485114441297e-08
3 1.80859904355461952e-10 5.11547559704391854e-10
