Iter, Rerror, Perror
1 7.62202525679786591e-18 2.62880621554089799e-17
