Iter, Rerror, Perror
1 2.86622101058122694e-05 7.20399128694163492e-05
2 5.91737316001768361e-08 1.45475913690954607e-07
3 6.86550751481488029e-10 1.40235187434251611e-09
