Iter, Rerror, Perror
1 8.27061673639003847e-05 4.16414986324388525e-04
2 3.48089655562650961e-07 1.36149694728309646e-06
3 2.34458347246321165e-09 8.04061949271754504e-09
