Iter, Rerror, Perror
1 7.57147071991120039e-06 2.17764252939688038e-05
2 5.27611374573858991e-09 2.18095376123646755e-08
3 7.31640049108762319e-18 2.48030083260141013e-17
