Iter, Rerror, Perror
1 5.13139802101387591e-07 2.76736589948862739e-04
2 5.63377110308709552e-11 4.35470154675038815e-08
3 4.62053510675260994e-15 3.92515620514526459e-12
