Iter, Rerror, Perror
1 5.06318213078092507e-08 7.02127852541190782e-05
2 8.48740151414837470e-13 1.58162109011582396e-09
3 1.27303104420492098e-19 9.01379549097799699e-18
