Iter, Rerror, Perror
1 9.54052332842880645e-08 1.05168913955291555e-04
2 3.13030603735810091e-12 4.73721810854890638e-09
3 9.37439720948330671e-16 7.11840894181909636e-14
