Iter, Rerror, Perror
1 4.03830195721071369e-07 2.42986846323912285e-04
2 3.82022691874152799e-11 3.27902668087835432e-08
3 3.11209167613735771e-15 2.46294766672122584e-12
