Iter, Rerror, Perror
1 1.88275506852540686e-08 3.51416813111500559e-05
2 9.98649083695161990e-20 9.45483672351880388e-18
