Iter, Rerror, Perror
1 7.70162323294914921e-07 3.43129061819760913e-04
2 1.07832675283353165e-10 6.93389675650310183e-08
3 1.04392535421178655e-14 8.33359090619338917e-12
