Iter, Rerror, Perror
1 1.53133336757371254e-07 1.39966409640661393e-04
2 7.42725970774501832e-12 9.45460432005167089e-09
3 1.34959134727680823e-15 2.84060131312285608e-13
