Iter, Rerror, Perror
1 2.23796774397499171e-07 1.74562608351275266e-04
2 1.43201170063281805e-11 1.57171713635848222e-08
3 1.72552293881304255e-15 7.08314358965314497e-13
