Iter, Rerror, Perror
1 3.07371752917042267e-07 2.08916079248647483e-04
2 2.43868301614313031e-11 2.35040449138385291e-08
3 2.23370121188743034e-15 1.41233200430017500e-12
