Iter, Rerror, Perror
1 6.35264073027192289e-07 3.10128826140035568e-04
2 7.93603284809942363e-11 5.57418511709086825e-08
3 6.99070945551005819e-15 5.86183395482438161e-12
