Iter, Rerror, Perror
1 8.64856176304671600e-20 9.61574329642043337e-18
