Iter, Rerror, Perror
1 4.18708833927894245e-04 1.83713532665412318e-03
2 7.81946080827247808e-18 3.23712086460092932e-17
