Iter, Rerror, Perror
1 8.67157092143254851e-04 2.79993748162724173e-03
2 2.68927191187840918e-05 1.21547726697441406e-04
3 7.80461438892695850e-18 3.25937952422877840e-17
