Iter, Rerror, Perror
1 8.29711590749537864e-18 3.40717166247296904e-17
