Iter, Rerror, Perror
1 1.28061189842095376e-17 5.37345543095748652e-17
