Iter, Rerror, Perror
1 9.22651650427063906e-04 2.68634560918431207e-03
2 1.34695085197147125e-05 5.83585979008780650e-05
3 1.04018071943084534e-17 4.47343310675256303e-17
