Iter, Rerror, Perror
1 4.72147599952612402e-04 1.85894776714445897e-03
2 9.84755965682289828e-18 4.41313054706633152e-17
