Iter, Rerror, Perror
1 2.35985671245851787e-04 9.28898710978144681e-04
2 2.15279970881169230e-17 9.53092331531560526e-17
