Iter, Rerror, Perror
1 4.70650232901231587e-04 1.38572727516158580e-03
2 2.05901667817468810e-06 8.40249750251752364e-06
3 2.21347424047538909e-17 9.67948492247509937e-17
