Iter, Rerror, Perror
1 2.28773346594635636e-17 9.95421842345477038e-17
