Iter, Rerror, Perror
1 4.08574333046225216e-18 5.74397094045398142e-17
