Iter, Rerror, Perror
1 2.82579464244230168e-04 1.17768185017289913e-02
2 3.94048932095471754e-18 4.78014002502667220e-17
