Iter, Rerror, Perror
1 6.53938852147147400e-04 1.74512954637512790e-02
2 4.59791253975382323e-06 1.59246602208319439e-04
3 3.64176244445432454e-18 4.01801838584824057e-17
