Iter, Rerror, Perror
1 8.90338480661676500e-03 2.20124889673499663e-01
2 5.96514578415988126e-17 4.41365408779210878e-16
