Iter, Rerror, Perror
1 5.60802422356129933e-17 4.64929849445805365e-16
