Iter, Rerror, Perror
1 1.16410772664052604e-02 2.46004973586427061e-01
2 2.69236000389589053e-03 1.09215204392188972e-01
3 5.29539091987690543e-17 4.22849736614760907e-16
