Iter, Rerror, Perror
1 9.76888231708131742e-05 6.55093501018725721e-03
2 1.98597543695519981e-07 1.77125545490717689e-05
3 2.01867662873171686e-18 3.50940641389869941e-17
