Iter, Rerror, Perror
1 3.77947861088965965e-05 3.81935333214940536e-03
2 1.98205772903712640e-18 3.77172489724489102e-17
