Iter, Rerror, Perror
1 1.99766745269342500e-18 4.13093820519684950e-17
