Iter, Rerror, Perror
1 4.13702443776890420e-17 1.80153278543685367e-16
