Iter, Rerror, Perror
1 3.96323059437025092e-04 1.44147979813951548e-03
2 3.85684312758357518e-17 1.67955459296039166e-16
