Iter, Rerror, Perror
1 6.78696320020760659e-04 1.77853000055604713e-03
2 6.92679569522924148e-06 2.99586667761876862e-05
3 4.18250682904135197e-17 1.83382536207065156e-16
