Iter, Rerror, Perror
1 1.27748968193602342e-03 3.45361100407271873e-02
2 1.79204515190430824e-05 6.34366017974074083e-04
3 3.56091567167198588e-18 3.94857668408956938e-17
