Iter, Rerror, Perror
1 4.08315767515601599e-18 5.74174816081318948e-17
