Iter, Rerror, Perror
1 5.55608587635783211e-04 2.34744297893685269e-02
2 3.96892526364209993e-18 4.74862609158780967e-17
