Iter, Rerror, Perror
1 5.84004858943639512e-03 5.22870057578492860e-03
2 1.17864658505259165e-03 1.60139085023531733e-03
3 1.31150292266527782e-04 2.44754425211932201e-04
4 8.96891813083130198e-06 2.06673820769506042e-05
5 4.17593530332240431e-07 1.11295692814671056e-06
6 1.43444894065549230e-08 4.26507358094210125e-08
7 3.73022078757083304e-10 1.20732600923811601e-09
8 8.72318501705473783e-18 3.77872872370514365e-17
