Iter, Rerror, Perror
1 1.17593717621494212e-17 4.96833708674525020e-17
