Iter, Rerror, Perror
1 4.03327571600846390e-04 1.17460191843830625e-03
2 5.46685671730592599e-06 2.38139121647023805e-05
3 9.94113672224178162e-18 4.24854864241133179e-17
