Iter, Rerror, Perror
1 2.08232256456849444e-04 8.21557644523679431e-04
2 9.09550310512581283e-18 4.04195309369165483e-17
