Iter, Rerror, Perror
1 7.49775971829397063e-04 1.71833355573646276e-03
2 1.78372850883127919e-05 6.51318250982565203e-05
3 1.71810320294385398e-07 7.52753291736169133e-07
