Iter, Rerror, Perror
1 1.73873846864411926e-03 2.49370233408033066e-03
2 1.02502790306641190e-04 2.57487091249311258e-04
3 2.88301302791280432e-06 9.34848941149910587e-06
