Iter, Rerror, Perror
1 9.25756570997972591e-18 4.10707394527625281e-17
