Iter, Rerror, Perror
1 4.87936898529195829e-04 1.40639284265116024e-03
2 6.52881270176750363e-06 2.85434800510890741e-05
3 8.71213597721658251e-18 3.81048472241979773e-17
