Iter, Rerror, Perror
1 1.04830110660838159e-03 1.98729516969382717e-03
2 3.64079708649183925e-05 1.15228900950160764e-04
3 5.67439399612138900e-07 2.21941337071331555e-06
