Iter, Rerror, Perror
1 1.37913341310573934e-03 2.24568863754806862e-03
2 6.41092198838842724e-05 1.79220347084263140e-04
3 1.39098354765104375e-06 4.91369166091818953e-06
