Iter, Rerror, Perror
1 2.65200137817661141e-04 1.03378343426324204e-03
2 7.89499557348294631e-18 3.60384296861392535e-17
