Iter, Rerror, Perror
1 2.27130439333716382e-04 9.01280494630838855e-04
2 1.06854302795276488e-17 4.61714482664551954e-17
