Iter, Rerror, Perror
1 4.42941616929248437e-04 1.29679744337271824e-03
2 3.19566143945739583e-06 1.39520817409895649e-05
3 1.13574945403816097e-17 4.75346167305535345e-17
