Iter, Rerror, Perror
1 1.28055025799486350e-17 5.30161391655455305e-17
