Iter, Rerror, Perror
1 1.14878047848115014e-17 4.86928569644376036e-17
