Iter, Rerror, Perror
1 4.03327571600846444e-04 1.17460191843830669e-03
2 5.46685671730589126e-06 2.38139121647023399e-05
3 9.88936146231796369e-18 4.23172027669633998e-17
