Iter, Rerror, Perror
1 2.08232256456849471e-04 8.21557644523679431e-04
2 9.11383210866378988e-18 4.07454398217524821e-17
