Iter, Rerror, Perror
1 3.66985164973311146e-08 7.08366343199503363e-05
2 1.08825260897073018e-19 9.33028868494747221e-18
