Iter, Rerror, Perror
1 1.37880607391599376e-19 9.64066827490607554e-18
