Iter, Rerror, Perror
1 4.44574639829109210e-07 3.51808229694602534e-04
2 5.70214165359104380e-11 6.38559712009068847e-08
3 4.43152854779696936e-15 5.80120149102483511e-12
