Iter, Rerror, Perror
1 3.03480421009653430e-07 2.82097156370378051e-04
2 2.94812126586384136e-11 3.84140515482359825e-08
3 1.96926730252093108e-15 2.32652244041140743e-12
