Iter, Rerror, Perror
1 1.88446580388248621e-07 2.11973913833106230e-04
2 1.23709022900612850e-11 1.92481845387099440e-08
3 1.00037740093341372e-15 5.82870103029252106e-13
