Iter, Rerror, Perror
1 9.95113799277542692e-08 1.41524424688664873e-04
2 3.33265230830521693e-12 6.42670762756723371e-09
3 1.22626965526532827e-19 9.18959974197856855e-18
