Iter, Rerror, Perror
1 1.71508489889250976e-05 2.83174877340560203e-05
2 1.57064063864881030e-08 4.87245394839938682e-08
3 1.19053972504513156e-10 3.83838903757432055e-10
