Iter, Rerror, Perror
1 7.75624575908899609e-06 2.84344229942289202e-05
2 8.78873513505058490e-18 4.02040024222721906e-17
