Iter, Rerror, Perror
1 1.04192085577701577e-05 2.70850335318176278e-05
2 5.20997863368466129e-09 2.44192942205108330e-08
3 9.37849721518172422e-18 4.23781691427048635e-17
