Iter, Rerror, Perror
1 1.37770183469558858e-05 2.86704585313029047e-05
2 9.96753609120307283e-09 3.59391746197263198e-08
3 5.65983464272059629e-11 2.33492609453326758e-10
