Iter, Rerror, Perror
1 2.06846093908941209e-05 2.98593460198017191e-05
2 2.28725894856427077e-08 6.05182900255264954e-08
3 2.02069908924112873e-10 5.36609998714803869e-10
