Iter, Rerror, Perror
1 2.42368026160157056e-05 2.98833492274150984e-05
2 3.11190007851797648e-08 7.39311073099049302e-08
3 3.07697924390263398e-10 7.15905970375908610e-10
