Iter, Rerror, Perror
1 1.07366206550624134e-17 4.78461468508695654e-17
