Iter, Rerror, Perror
1 2.79489786234572585e-05 3.16321502918064231e-05
2 4.07373029224590935e-08 8.62292199132620541e-08
3 4.38727477795939039e-10 9.05705308961539119e-10
