Iter, Rerror, Perror
1 1.02453705700042351e-05 2.66043028610755855e-05
2 4.24886137187482538e-09 2.01479130834846276e-08
3 8.85308697211277139e-18 3.83936590276293287e-17
