Iter, Rerror, Perror
1 7.52830610812795969e-06 2.76517320814890037e-05
2 8.18915050526414568e-18 3.69124149311195082e-17
