Iter, Rerror, Perror
1 9.88644068317839819e-18 4.26186681874762575e-17
