Iter, Rerror, Perror
1 5.89050714265139405e-05 3.78008466474400275e-04
2 4.52651883382740011e-07 2.97030750060280948e-06
3 3.86686287393761285e-17 3.33287452380537915e-16
