Iter, Rerror, Perror
1 3.46562826432417935e-05 2.61716051841121402e-04
2 4.24621919164280261e-17 3.31495831344397782e-16
