Iter, Rerror, Perror
1 4.24206883718537751e-17 3.67312466464251364e-16
