Iter, Rerror, Perror
1 5.10037547819685810e-05 3.39281855894844626e-03
2 5.75215182555656053e-08 5.17537740742647720e-06
3 2.62640449311799813e-18 4.72923234823113680e-17
