Iter, Rerror, Perror
1 2.64987194875091814e-18 5.49584331738010515e-17
