Iter, Rerror, Perror
1 2.01236989735396452e-05 2.01577449348696843e-03
2 2.64691940544060749e-18 5.09403853304636263e-17
