Iter, Rerror, Perror
1 1.26837736433540633e-02 2.50419673099097739e-01
2 2.71377833696748822e-03 1.08786572495401759e-01
3 4.26737658152819696e-17 3.33164092450144560e-16
