Iter, Rerror, Perror
1 9.62172081994469228e-03 2.26186816441493549e-01
2 4.73973158608093155e-17 3.46411667275729199e-16
