Iter, Rerror, Perror
1 4.42213383011472905e-17 3.66798555423372850e-16
